"编号","开始答题时间","结束答题时间","答题时长","地理位置国家和地区","地理位置省","地理位置市","自定义字段","1.性别","1.性别[选项填空]","2.年龄","3.你目前在哪个城市工作？","3.你目前在哪个城市工作？[选项填空]","4.你来自哪里？","5.你是否愿意在现在工作的城市定居？","5.你是否愿意在现在工作的城市定居？[选项填空]","6.目前工作的城市你觉得有哪些满意之处？:教育医疗养老","6.目前工作的城市你觉得有哪些满意之处？:文化底蕴","6.目前工作的城市你觉得有哪些满意之处？:气候","6.目前工作的城市你觉得有哪些满意之处？:环境卫生","6.目前工作的城市你觉得有哪些满意之处？:人文素质","6.目前工作的城市你觉得有哪些满意之处？:美食","6.目前工作的城市你觉得有哪些满意之处？:工资水平","6.目前工作的城市你觉得有哪些满意之处？:消费","6.目前工作的城市你觉得有哪些满意之处？:其他____","6.目前工作的城市你觉得有哪些满意之处？:其他____[选项填空]","7.你目前的工作是否让你感到快乐？","8.你现在的工作让你感到快乐的原因是什么？:工资水平达到预期","8.你现在的工作让你感到快乐的原因是什么？:公司福利好","8.你现在的工作让你感到快乐的原因是什么？:工作内容有成就感","8.你现在的工作让你感到快乐的原因是什么？:同事合作顺利","8.你现在的工作让你感到快乐的原因是什么？:领导有能力","8.你现在的工作让你感到快乐的原因是什么？:工作内容轻松","8.你现在的工作让你感到快乐的原因是什么？:上班地点近","8.你现在的工作让你感到快乐的原因是什么？:其他____","8.你现在的工作让你感到快乐的原因是什么？:其他____[选项填空]","9.你现在的工作让你不快乐的原因是什么？:工资不达预期","9.你现在的工作让你不快乐的原因是什么？:工作内容没有成就感","9.你现在的工作让你不快乐的原因是什么？:公司福利差","9.你现在的工作让你不快乐的原因是什么？:同事合作存在阻碍","9.你现在的工作让你不快乐的原因是什么？:领导没有能力","9.你现在的工作让你不快乐的原因是什么？:工作时间长","9.你现在的工作让你不快乐的原因是什么？:通勤时间长","9.你现在的工作让你不快乐的原因是什么？:想家","9.你现在的工作让你不快乐的原因是什么？:其他____","9.你现在的工作让你不快乐的原因是什么？:其他____[选项填空]","10.工作之余，你会选择什么样的活动调节自己？:睡觉","10.工作之余，你会选择什么样的活动调节自己？:刷剧","10.工作之余，你会选择什么样的活动调节自己？:游戏","10.工作之余，你会选择什么样的活动调节自己？:爬山","10.工作之余，你会选择什么样的活动调节自己？:滑板","10.工作之余，你会选择什么样的活动调节自己？:散步","10.工作之余，你会选择什么样的活动调节自己？:健身","10.工作之余，你会选择什么样的活动调节自己？:按摩","10.工作之余，你会选择什么样的活动调节自己？:干饭","10.工作之余，你会选择什么样的活动调节自己？:看电影","10.工作之余，你会选择什么样的活动调节自己？:社交媒体","10.工作之余，你会选择什么样的活动调节自己？:其他____","10.工作之余，你会选择什么样的活动调节自己？:其他____[选项填空]","11.对于家乡你不满意的有哪些方面？:教育医疗养老","11.对于家乡你不满意的有哪些方面？:气候","11.对于家乡你不满意的有哪些方面？:工资水平","11.对于家乡你不满意的有哪些方面？:文化底蕴","11.对于家乡你不满意的有哪些方面？:人文素质","11.对于家乡你不满意的有哪些方面？:美食","11.对于家乡你不满意的有哪些方面？:消费","11.对于家乡你不满意的有哪些方面？:环境卫生","11.对于家乡你不满意的有哪些方面？:其他____","11.对于家乡你不满意的有哪些方面？:其他____[选项填空]","12.宇宙的尽头是家乡，是否有哪些因素让你想回家？:父母年龄渐长","12.宇宙的尽头是家乡，是否有哪些因素让你想回家？:无法在工作城市定居","12.宇宙的尽头是家乡，是否有哪些因素让你想回家？:喜欢家乡的生活节奏","12.宇宙的尽头是家乡，是否有哪些因素让你想回家？:个人感情状况","12.宇宙的尽头是家乡，是否有哪些因素让你想回家？:其他____","12.宇宙的尽头是家乡，是否有哪些因素让你想回家？:其他____[选项填空]","13.如果让你换一个城市生活，原因可能是？:更好的工作机会","13.如果让你换一个城市生活，原因可能是？:更宜居的生活环境","13.如果让你换一个城市生活，原因可能是？:感情上有新的突破","13.如果让你换一个城市生活，原因可能是？:其他____","13.如果让你换一个城市生活，原因可能是？:其他____[选项填空]","14.你最想去哪个城市生活？","14.你最想去哪个城市生活？[选项填空]","15.你觉得在目前的城市生活最快乐的事情有哪些？","16.你觉得目前生活的城市你可以打几分？","17.对于家乡和现在工作的城市，你还有哪些话想说？",
"274","17-Mar-2021 13:46:20","17-Mar-2021 13:47:56","96","中国","广东省","深圳市","","2","","2","1","","郴州市苏仙区","2","","","","1","1","1","","1","","","","2","","","","","","","","","","","","","","","","","1","","","1","1","","1","","","","","","","","","","","1","1","","","","","","","","1","","1","","","","","1","","","","5","","","7","",
"273","16-Mar-2021 09:55:02","16-Mar-2021 09:57:08","126","中国","四川省","成都市","","1","","2","5","成都","重庆","3","不确定","","","1","1","","","","","","","1","","","","","","1","","","","1","1","","","","","1","","","","1","1","1","","","","","","","1","","1","羽毛球","","1","","","","","","","","","1","","1","1","","","1","1","1","","","5","无","","6","",
"272","15-Mar-2021 14:28:41","15-Mar-2021 14:30:36","115","中国","广东省","深圳市","","2","","3","1","","湖北省孝感市","1","","1","","1","1","","","","","","","1","","","","","","","1","","","","","","","","","","","","","1","","","","","","1","","","","","","","","1","","1","","","","","","","1","","","","","","","1","","","","1","","家庭孩子","8","挺好的",
"271","15-Mar-2021 14:24:31","15-Mar-2021 14:28:05","214","中国","广东省","梅州市","","2","","2","1","","黑龙江省哈尔滨市","2","","","","","1","","","","","","","2","","","","","","1","","","","1","1","1","1","1","","","","","","1","","","","","1","","","1","","","","","","","1","","","","","1","","","1","1","1","","","","1","1","","","","5","武汉","没啥","7","没啥",
"270","15-Mar-2021 14:20:29","15-Mar-2021 14:25:53","324","中国","广东省","深圳市","","2","","2","1","","辽宁省锦州市","1","","","","1","","1","","1","","","","1","1","1","","1","","1","1","","","","","","","","","","1","","","","1","1","","","1","","","1","1","","","","","","1","","1","","1","","","","1","","","","","","","1","","","","2","","","6","",
"269","15-Mar-2021 14:20:56","15-Mar-2021 14:25:16","260","中国","广东省","深圳市","","2","","1","1","","牡丹江市东安区","1","","","","1","1","1","1","1","","","","1","","","","1","","","1","","","","","","","","","","","","","1","1","1","1","","1","1","1","1","1","1","","","1","1","1","","","","","","","","1","","","","","","","1","","","","4","","可以在户外跑步，独立生活不用父母操心，每天都在进步变得越来越好，身边很多好朋友不孤单","8","我爱我的家乡，但是我不会选择回去了",
"268","15-Mar-2021 00:24:56","15-Mar-2021 00:27:25","149","中国","河南省","安阳市","","1","","2","5","","保密","1","","","","","","","","","1","","","2","","","","1","1","1","1","","","1","","","","","","","1","","","1","1","1","","","","1","","","1","1","","","1","1","1","1","1","1","1","1","","","1","","1","","","","1","1","","","","3","","生活节奏很慢","6","",
"267","14-Mar-2021 17:23:29","14-Mar-2021 17:30:14","405","中国","广东省","广州市","","1","","2","4","","广东省汕头市","1","","","","","","","","1","","","","2","","","","","","","","","","1","1","","1","","","","","","","1","1","1","1","","1","","","","1","1","","","1","","1","1","1","1","","1","","","","1","","","","","1","1","1","","","4","","生活方便","9","",
"266","13-Mar-2021 16:45:42","13-Mar-2021 16:47:56","134","中国","陕西省","西安市","","1","","2","5","西安","西安市雁塔区","1","","1","1","1","","","1","1","","","","2","","","","","","","","","","1","","","","1","","1","","","","1","","1","","","","","","","","","","","","","","","","","","","1","","","","1","","","","1","1","","","","5","苏州","","8","",
"265","13-Mar-2021 16:35:40","13-Mar-2021 16:37:17","97","中国","山东省","","","1","","2","5","","青岛","2","","","","1","","","","","","","","2","","","","","1","","","","","1","","","1","","","","","","","1","","","","","","","","","","","","","","","1","","1","","1","","","","","1","","","","","1","","","","","2","","","7","",
"264","13-Mar-2021 15:09:24","13-Mar-2021 15:11:11","107","中国","广西壮族自治区","南宁市","","1","","1","5","","广西","2","","","","","","","","","","1","","2","","","","","","1","","","","1","1","","1","","","","","","","1","1","","","","","","","","1","","","","1","","1","1","1","","","","","","","1","","","","","1","","","","","4","","","5","",
"263","13-Mar-2021 14:58:52","13-Mar-2021 15:00:41","109","中国","广东省","深圳市","","1","","3","1","","山东省青岛市","2","","","","","","","","1","","","","2","","","","","","","","","","","1","1","1","","","","","","","","","1","","","","","","","","","","","","","1","","","","","","","","","","1","","","","1","1","","","","5","","","6","",
"262","13-Mar-2021 13:55:25","13-Mar-2021 13:57:34","129","中国","北京市","","","1","","2","3","","hn-kf","1","","1","","","1","1","1","1","","","","2","","","","","","","","","","","1","1","","1","1","1","","","","1","1","1","","","","","","","","","","","","","1","","","","","","","","1","1","1","","","","1","1","","","","5","jia","","7","",
"261","13-Mar-2021 10:26:38","13-Mar-2021 10:29:33","175","中国","福建省","厦门市","","2","","1","5","泉州","湖南省益阳市","2","","","","1","","","","","","","","2","","","","","","","","","","","","","","","","","","1","无法适应","1","1","1","","","","","","1","1","","","","","","","","","","","","1","没有","","","","","1","吃的","","","","1","自己能开心点","5","长沙","孩子们都很可爱","4","活着就行",
"260","13-Mar-2021 00:11:19","13-Mar-2021 00:13:46","147","中国","广东省","","","2","","2","1","","广东省湛江","1","","","","","1","","","1","","","","2","1","","","","","","","","","1","","1","1","1","1","1","1","","","","1","","","","","","","","","","","","","","1","","","","","","","","1","1","1","","","","1","","","","","1","","休闲方式","7","各有牵挂",
"259","12-Mar-2021 21:26:30","12-Mar-2021 21:29:45","195","中国","广东省","东莞市","","2","","3","5","","黑龙江省牡丹江市","1","","1","","1","1","1","1","1","1","","","1","","","1","","","","","","","1","","1","","","1","","","","","1","","","1","","1","","","1","1","","","","","1","1","","","","","","","","","","","","1","","1","","","","","5","","收入和消费的比例","10","希望家乡经济有所发展，要离开目前喜欢的工作城市了，要去一个收入和消费不成比例的大城市，有些不舍。",
"258","12-Mar-2021 21:24:07","12-Mar-2021 21:25:10","63","中国","福建省","","","3","","4","4","","xx市xx区”","2","","1","","","","","","","","","","2","","","","","","1","","","","","","1","","","","","","","","1","","","","","","","","","","","","","","","","","","","1","","","","1","","","","","","1","","","","","1","","	1","10","",
"257","12-Mar-2021 20:11:53","12-Mar-2021 20:14:15","142","中国","广东省","梅州市","","2","","2","1","","湖北","1","","1","","1","","","","","","","","1","","","1","1","","","","","","","","","","","","","","","","1","1","1","1","1","1","1","1","1","1","1","1","","","","1","","","","","","","","1","1","1","","","","1","1","","","","1","","","5","",
"256","12-Mar-2021 20:01:18","12-Mar-2021 20:06:50","332","中国","台湾","","","2","","2","5","台灣","桃园市中坜区","1","","","1","1","1","1","1","","1","","","1","","","","1","","","","","","","","","","","","","1","","","1","1","1","","","","","","1","1","1","","","","","","","","","","","1","无","1","","","","","","1","","","","","2","","","9","",
"255","12-Mar-2021 19:53:04","12-Mar-2021 19:56:53","229","中国","北京市","北京市","","2","","3","3","","黑龙江","1","","","1","","","1","","1","1","","","2","1","1","1","","1","","","","","1","1","","","","","","","","","","","","1","","","1","1","","","","","","","","1","","1","","","","","","1","","","","","","1","1","","","","3","","瑜伽","7","无",
"254","12-Mar-2021 19:17:53","12-Mar-2021 19:21:53","240","中国","广东省","","","2","","1","1","","广东省河源市","3","","","","","1","","","1","","","","1","1","1","1","1","1","1","1","","","","","","","","","","","","","","","","1","","","","","1","1","1","1","","1","1","1","1","1","1","1","1","1","","1","","","","","","1","","","","","1","","赚钱干饭","7","希望家乡越来越好，冲鸭！！！",
"253","12-Mar-2021 18:37:47","12-Mar-2021 18:39:58","131","中国","湖南省","长沙市","","2","","1","5","益阳","南县","1","","1","","","","","","1","","","","1","1","","","1","","","1","","","","1","","","1","","","","","","1","1","1","","","","","1","1","1","1","1","","","1","","1","1","1","1","1","","","","","","1","","","1","1","","","","5","岳阳，长沙","同事，家人","5","",
"252","12-Mar-2021 18:20:34","12-Mar-2021 18:23:11","157","中国","安徽省","","","2","","2","5","安徽","合肥市瑶海区","1","","","","","","","","1","","","","2","1","","","1","","","","1","","","","","","","","","","","","1","1","","","","","","","1","","","","","1","1","","1","","","","","","","","","1","","","","1","1","","","","4","","","8","",
"251","12-Mar-2021 18:02:33","12-Mar-2021 18:22:20","1187","中国","广东省","","","2","","2","1","","吉林省长春市德惠市","1","","","","1","","","","","","","","1","","","","","","","","1","","1","","","","","","","","","","1","1","1","","","","1","","","1","","","","","","1","","","","","","","","","","","","1","不想回去","1","","","","","1","","看展","9","希望家乡更加繁荣昌盛，现在的城市越来越好",
"250","12-Mar-2021 18:17:25","12-Mar-2021 18:20:38","193","中国","河北省","秦皇岛市","","1","","3","5","秦皇岛","秦皇岛市海港区","1","","","","1","1","","1","","","","","2","","","","","","","1","","","1","1","1","1","","","","","","","","","1","1","","1","1","","1","1","1","","","1","","1","1","1","","","","","","","","","","1","已经远程工作了","","1","","","","5","秦皇岛","看海","8","目前在家乡远程工作想说话是，远程群体太孤立了，需要线上团队抱团取暖。",
"249","12-Mar-2021 18:15:19","12-Mar-2021 18:18:51","212","中国","陕西省","西安市","","1","","1","5","西安","陕西省洛南县","1","","","1","","","","1","","1","","","1","","","1","1","","1","1","","","1","","","","","","","","","","","1","1","1","","1","","","1","1","1","","","1","","1","","","","","","","","1","","1","1","","","1","1","1","","","5","昆明","离家较近","7","",
"248","12-Mar-2021 18:13:33","12-Mar-2021 18:15:26","113","中国","上海市","上海市","","1","","1","2","","江苏省昆山市","2","","","","","","","","1","","","","2","","","","","","","","","","","","","","","","","1","1","不稳定","1","1","1","","","","1","","1","1","","","","","","","","","","","","1","无","","1","1","","","","","1","","","","5","家乡","不快乐","1","早日上岸，冲冲冲",
"247","12-Mar-2021 18:03:05","12-Mar-2021 18:08:47","342","中国","安徽省","合肥市","","2","","2","5","h f q","合肥市蜀山区","1","","","","","","","","","","1","离家近","2","","","","1","","","1","","","","","","","","","","","1","身体累，跟客户沟通累","1","1","","1","","1","","","1","1","","","","","","1","","","","","","","","1","","","1","","","1","1","","","","5","杭州","回家方便","5","希望工资水平能再高一些，工作选项可以多一些",
"246","12-Mar-2021 18:02:34","12-Mar-2021 18:06:38","244","中国","广东省","","","2","","4","1","","深圳市宝安区","1","","","","1","1","","1","1","","1","","1","1","","1","1","","","","","","","","","","1","1","1","","","","","","","1","","1","","","","","","1","读书","1","1","1","","","","","1","","","","","","","1","养老","","1","","1","家庭","5","苏州","气候好可户外活动的机会多。城市年轻有活力","7","随遇而安顺其自然",
"245","12-Mar-2021 18:03:05","12-Mar-2021 18:06:04","179","中国","广东省","梅州市","","2","","3","1","","吉林省吉林市","1","","","","1","1","","","","","","","1","","","1","","","","","","","1","","1","","1","","","","","","1","1","","1","","1","","","1","1","","","","","1","","","","","","","","","","1","","","","","","1","","","","1","","基础设施，徒步绿道，海边优美","6","家乡越来越好，这里能够让我定居",
"244","12-Mar-2021 17:58:02","12-Mar-2021 18:00:18","136","中国","北京市","北京市","","2","","3","3","","北京市朝阳区","1","","1","1","","","1","","1","1","","","1","1","1","1","","","","1","","","","","","","","","","1","","","","1","","","","1","","1","1","1","","","","1","","1","","","","","","","","1","1","1","","","","","","1","","","1","","薪酬","8","快乐就好",
"243","12-Mar-2021 17:55:20","12-Mar-2021 17:57:48","148","中国","广东省","","","2","","1","1","","深圳","2","","","","1","1","1","","1","1","","","1","1","1","1","1","1","1","1","","","","","","","","","","","1","","1","","","1","","1","","1","1","1","","","","1","","1","","1","","","","","","1","","","","","","1","1","1","","","5","国外","自由","7","",
"242","12-Mar-2021 17:55:41","12-Mar-2021 17:57:03","82","中国","广东省","深圳市","","2","","1","1","","广东汕头","1","","1","1","","","","","1","","","","1","","1","","1","1","1","","","","","1","","","","","","","","","","1","","","","","","","","","1","","","","","","","1","","","","","","1","","","","","","1","1","","","","1","","","8","",
"241","12-Mar-2021 17:20:31","12-Mar-2021 17:27:21","410","中国","北京市","北京市","","2","","3","5","河南","河南省安阳市","1","","1","","","1","1","","1","1","","","1","","","","1","","","1","","","1","","","","","","","","","","1","1","1","","","","","","","1","1","","","1","","1","","1","","","1","","","1","","","1","","","1","1","","","","3","","","5","",
"240","12-Mar-2021 17:23:25","12-Mar-2021 17:26:31","186","中国","广东省","","","2","","1","1","","江西省瑞金市","3","不知道","","","","","","","1","","","","2","","","","","","","","1","","","","","","","1","","","","","1","1","","","","1","","","1","","1","1","","1","","1","","","1","","","","","","","1","","","","1","","","","","5","","吃吃吃","7","加油吧，总会找到平衡点的！",
"239","12-Mar-2021 17:18:11","12-Mar-2021 17:22:22","251","中国","山东省","青岛市","","2","","1","5","家乡","日照市东港区","1","","","","1","1","","","","","","","1","","","1","","1","","1","","","1","","1","1","","","","","","","1","","1","1","","","","","1","1","","","","","","","","","1","1","","","","1","","1","","","","1","1","","","","3","","干着自己喜欢干的事","7","工资高点，消费低点",
"238","12-Mar-2021 17:12:09","12-Mar-2021 17:17:33","324","中国","湖南省","","","2","","1","5","长沙","长沙市天心区","2","","","","","","1","1","","","","","2","","","","1","","","","","","","","1","","","","","","","","","","","","1","","1","","","","","","","","","","","1","1","","","","","","1","1","1","","","","1","1","","","5","怀化","吃饭","8","好好工作",
"237","12-Mar-2021 17:12:18","12-Mar-2021 17:14:01","103","中国","广东省","广州市","","2","","2","4","","广州市白云区","1","","1","1","","1","","","1","","","","1","","","1","","","","","","","","","","","","","","","","","1","1","","1","","1","","","","1","","","","","","1","","1","","","","","","1","","1","","","","1","","","","","4","","离家近","7","真好",
"236","12-Mar-2021 17:11:45","12-Mar-2021 17:13:37","112","中国","上海市","上海市","","2","","2","2","","上海市宝山区","1","","","","","","","1","","","","","2","","","","","","","","1","","","","","1","","","","","","","","1","1","","","","","","","1","","","","","","","","","","","","1","","1","","","","","","1","","","","","3","","暂时没有","5","没有",
"235","12-Mar-2021 17:09:47","12-Mar-2021 17:12:00","133","中国","辽宁省","","","2","","2","1","","本溪市平山区","1","","","","1","1","1","1","","","","","1","","","","1","","1","1","","","1","","","","","","","1","","","","","1","","","1","","","1","1","","","","1","","","","1","","1","1","","","1","1","","","","","1","1","","","","1","","恰饭","9","",
"234","12-Mar-2021 17:07:42","12-Mar-2021 17:11:52","250","中国","广东省","","","2","","1","1","","湖南省溆浦县","1","","1","","","","","","1","","","","1","","","","1","","","","","","","","","","","","","","","","1","1","1","1","","1","","1","1","1","1","","","1","","1","","","","","","","","","1","1","","","","1","","","","","3","","吃饭睡觉","6","家乡：发展规划可以更好些工作城市：希望更有文化底蕴，有归宿感。",
"233","12-Mar-2021 17:01:48","12-Mar-2021 17:09:25","457","中国","广东省","深圳市","","2","","2","1","","深圳","1","","1","1","1","","1","","","1","","","1","","","1","","","","","","","1","","1","","1","","","","","","1","1","","","","1","","","1","1","","","","1","","1","1","1","","","","","","","1","","","","","","1","","","","5","外国可以吗？听说澳大利亚买别墅，只需要200万到500万，可是在深圳，1千万才能买到3房2厅。如果我会英语，我一定想办法去那里，家里人也一起过去，老人不会英文没关系，我们可以生活在靠近唐人街的地方阿","1-买东西方便吧，啥都有，即使在南山，你依旧还是可以找到“沙县大酒店”，8块钱一份汤。10块钱一份炒河粉   2-能学到东西。  3-工资可以很高，就看你愿不愿意搞废自己的心里健康和身体健康，一命换一堆钱。","7","工作上：希望高管们不要画大饼，不要PUA。   生活上：不要大病。",
"232","12-Mar-2021 17:01:29","12-Mar-2021 17:05:10","221","中国","广东省","深圳市","","2","","2","1","","深圳","1","","","","","","","","","","1","","2","","","","","","","","1","","1","","1","","","1","","","","","","1","","","","","","","","1","","1","唱歌","","","","","","","","","1","","","1","","","","","1","","","","","5","","不快乐，卑微的打工人没有快乐","5","政府政策可以再完善一点吗？维护劳动者的合法权益",
"231","12-Mar-2021 17:01:48","12-Mar-2021 17:05:04","196","中国","广东省","深圳市","","2","","1","1","","九江市 瑞昌区","1","","","","1","","","1","","","","","1","","","","1","","","1","","","1","","","","","","","","","","1","1","","","","","","","","1","","1","追星","","1","1","","","","1","","","","","","1","","","","1","1","","","","1","","","7","",
"230","12-Mar-2021 17:01:57","12-Mar-2021 17:03:05","68","中国","广东省","深圳市","","2","","1","1","","龙华区","1","","","","","","","1","","","","","1","","","","1","","","","","","","","","1","","","","","","","","1","1","","1","","","1","","1","","","","1","","1","","1","","","","","","1","1","","1","","","1","","1","","","2","","","7","",
"229","12-Mar-2021 16:49:30","12-Mar-2021 16:51:19","109","中国","北京市","北京市","","1","","2","3","","北京市海淀区","1","","1","1","","","1","","1","","","","2","1","1","","1","","","","","","","","","","","1","","","","","","","1","1","","","","","1","","1","","","","","","","","","","","1","","","","","","1","","1","1","","","","4","","","7","",
"228","12-Mar-2021 16:09:27","12-Mar-2021 16:12:18","171","中国","江苏省","南京市","","1","","2","5","南京","河南省安阳市","1","","1","1","","","","","1","1","","","1","","1","","1","","1","1","","","","","","","","","","1","","","1","1","1","","","","1","1","1","1","1","1","跑步","1","","1","","","","","1","","","1","","","","","","1","1","","","","5","昆明","","6","",
"227","12-Mar-2021 14:52:40","12-Mar-2021 14:55:39","179","中国","广东省","东莞市","","1","","1","5","成都","重庆市","2","","","","","","","","","","1","没有","2","","","","","","","","","","","1","","","","","","","","","1","","1","","","","","","","","1","","","","1","1","","","","","","","","1","1","","","1","到处都没得归属感","1","1","","","","5","重庆","","5","",
"226","12-Mar-2021 10:40:20","12-Mar-2021 10:42:38","138","中国","宁夏回族自治区","银川市","","1","","3","5","有用","日日日","1","","","","","","","","","","1","	1","2","","","","","","","","","","1","1","1","1","1","","","","","","1","","1","","","1","1","","1","","","","","1","1","1","1","1","","1","1","","","1","","","","","","1","1","1","","","5","km","","5","",
"225","12-Mar-2021 10:28:49","12-Mar-2021 10:32:13","204","中国","浙江省","杭州市","","1","","2","5","杭州","温州市瓯海区","1","","1","1","","1","","1","1","1","","","1","1","","1","1","1","","","","","","","","","","","","","","","","1","1","1","","","","","1","1","","","","","","","","","","","","1","工作机会较少","1","1","","","","","1","1","1","","","5","无","工作期间的中饭和晚饭时间","7","",
"224","12-Mar-2021 10:05:19","12-Mar-2021 10:08:12","173","中国","广东省","深圳市","","1","","2","1","","江苏省响水县","2","","","","","","","","1","","","","1","1","","","","","1","","","","","","","","","","","","1","城市太大多我不多","1","","1","","","","","","","1","","","","","","1","","","","","","","","","1","1","1","","","","1","","","","5","新疆","朋友走了啥都没了","4","",
"223","12-Mar-2021 08:45:47","12-Mar-2021 09:05:06","1159","中国","浙江省","杭州市","","2","","1","5","杭州","山西省朔州市","1","","","1","","","1","","1","","","","2","","","","","","","","","","","","","","","","","","","","","","","","","1","","","1","","","","","","","1","","1","","","1","","","1","","","","","","1","","","","","5","重庆","逛街","9","",
"222","12-Mar-2021 07:30:51","12-Mar-2021 07:33:14","143","中国","江西省","","","1","","1","5","","不告诉你","2","","1","1","","","1","","1","1","","","2","","","","","","","","1","不快乐","1","1","1","","","1","1","1","","","1","","1","","","1","","","1","","","","","1","","1","","1","","1","1","","","1","","1","","","","","1","","","","5","台湾  算？","没有，现实生活并不快乐","1","没有",
"221","11-Mar-2021 18:57:34","11-Mar-2021 20:46:54","6560","中国","上海市","上海市","","1","","2","2","","	1","3","","","","","","","","1","","","","1","1","1","1","1","1","","1","","","","","","","","","","1","","","1","","1","","","","","","1","","","1","学习","","","1","","1","","","","","","","","1","","","","","1","","","","5","家乡","","8","",
"220","11-Mar-2021 19:39:21","11-Mar-2021 19:41:10","109","美国","","","","1","","2","2","","xx市xx区","2","","1","","","","1","","1","","","","2","1","1","1","1","1","1","1","","","","","","","","","","","","","1","1","1","","","","","","","","","","","","","1","","","","","","","","1","1","","","","","1","1","","","","2","","","8","",
"219","11-Mar-2021 19:33:50","11-Mar-2021 19:35:51","121","中国","福建省","","","1","","1","5","福州","福建省连江县","1","","1","1","","1","","","","","","","2","","","","","","","","","","1","1","","","","1","","","","","1","1","1","","","1","","","","","","","","","","1","","","","","","","","1","","1","1","","","1","","1","","","5","福州","","8","",
"218","11-Mar-2021 18:23:30","11-Mar-2021 18:25:36","126","中国","上海市","上海市","","1","","2","2","","荷兰河南","1","","1","","","","","","1","","","","2","1","","","","","","","","","","1","","1","1","1","","","","","1","","","","","","","","","","","","","","","1","","","","","","","","","1","","","","","1","","","","","5","三亚","","3","	111",
"217","11-Mar-2021 18:16:54","11-Mar-2021 18:19:08","134","中国","浙江省","杭州市","","1","","2","5","杭州","浙江","3","","","","","","1","","","","","","2","","","","","","1","1","","","1","1","1","","","","","","","","1","","1","","","1","","","1","","1","","","","","1","","","","","","","","","1","","","","","1","","1","","","5","","","6","",
"216","11-Mar-2021 18:14:25","11-Mar-2021 18:17:00","155","中国","浙江省","绍兴市","","1","","1","5","","*","2","","","","","","","","","","1","能活","2","","","","","","","","1","","1","1","","","","","","","","","1","1","1","","","","","","","","","","","","","1","","","","","","","","","1","","","","","1","1","1","","","5","不知道","下班早","7","无",
"215","11-Mar-2021 17:56:27","11-Mar-2021 18:03:59","452","中国","广东省","","","1","","2","1","","湖南","2","","","","1","1","1","","1","","","","2","","","","","","1","","","","1","1","1","","1","","","","","","","","","1","","","1","","","","1","","","","","1","","1","","","1","","","1","1","","","","","1","1","","","","5","","没有","6","没有",
"214","11-Mar-2021 17:48:33","11-Mar-2021 17:50:01","88","中国","浙江省","杭州市","","1","","1","5","杭州",".","1","","","","","","","","","","1","","2","","","","","","","","","","1","1","1","","","","","","","","1","","","","","","","","","","","","","","1","","","","","","","","","","","","","1","","","1","1","","","4","","","6","",
"213","11-Mar-2021 17:25:32","11-Mar-2021 17:28:47","195","中国","浙江省","杭州市","","1","","2","5","杭州","郑州","2","","1","","","1","1","","1","","","","2","1","1","1","1","1","","1","","","1","1","","1","1","","1","1","","","1","","1","","","","1","1","1","","1","","","1","","1","","","","","","","","1","1","","","","","1","","1","","","2","","赚钱多","7","想回家，那个回家结婚，郑州高考太卷了杭州没啥想说的，要不是工资高根本不会来",
"212","11-Mar-2021 17:22:41","11-Mar-2021 17:24:19","98","中国","湖南省","长沙市","","2","","1","5","","xx市xx区","3","","","","","","","","","","1","","1","","","","","","","","1","","","","","","","","","","","","1","1","","","","","","","1","","","1","","","","1","","","","","","1","","","","","","1","","","","","1","","5","","","6","",
"211","11-Mar-2021 17:04:24","11-Mar-2021 17:06:39","135","中国","湖南省","长沙市","","1","","1","5","","江西省南昌市","1","","1","1","","1","","1","","","","","1","","","","","","1","1","","","1","","","1","","","","","","","1","1","","1","","1","","","1","1","1","","","","","1","","","","","","","","1","","","","","","1","1","","","","5","","","7","",
"210","11-Mar-2021 16:56:58","11-Mar-2021 17:00:30","212","中国","广东省","广州市","","1","","1","4","","广东省汕头市","2","","","1","","1","1","","1","","","","1","1","1","1","1","","1","1","","","","","","","","","","1","","","1","","","","","","","","","","","","","","","","","1","","","","","","1","","1","","","","1","1","1","","","4","","","8","家乡是人情社会，大城市又是人清社会，想回家又不想回家",
"209","11-Mar-2021 16:46:18","11-Mar-2021 16:48:12","114","中国","上海市","上海市","","1","","1","2","","江苏省","2","","1","","","1","1","1","1","","","","1","","","","1","1","1","1","","","1","","","","","","","","","","1","","1","","","","","","","","","","","1","","1","","1","1","","1","","","","1","","","","","1","1","","","","2","","","8","",
"208","11-Mar-2021 16:25:40","11-Mar-2021 16:30:35","295","中国","河南省","郑州市","","1","","2","5","郑州","河南省汤阴县","2","","","","","","","","","","1","不喜欢","2","","","","","","","","1","不快乐，马上裸辞了","1","1","","","1","","","","","","1","","1","1","","","","1","","","","","","1","","1","","1","","","","1","互联网环境","","1","","","1","","1","1","","","","5","福州","有挂念的人","3","希望提升互联网环境，以及。。。上梁不正下梁歪",
"207","11-Mar-2021 16:19:21","11-Mar-2021 16:25:00","339","中国","广东省","广州市","","1","","1","4","","江西","1","","","1","1","","","","1","","","","2","","","","","","","","","","1","1","1","","1","","1","","","","1","1","","1","","1","","","1","","","","","","","1","","","","","","","","1","1","1","","","","1","","","","","5","共青城","喜欢的人在这","6","不要卷了，能不能让我暴富",
"206","11-Mar-2021 16:22:01","11-Mar-2021 16:23:24","83","中国","上海市","上海市","","1","","2","2","","常州市新北区","1","","1","","","","","1","1","","","","2","","","","","","","","","","","1","","","","","","","","","1","1","1","","","","","","1","1","1","","","","","1","1","","","","","","","","1","","","","","","","1","","","2","","没人管","7","无",
"205","11-Mar-2021 16:19:28","11-Mar-2021 16:22:13","165","中国","浙江省","杭州市","","1","","2","5","","福建省福鼎市(县级市)","1","","","","","","1","","1","1","","","1","1","","","1","","1","","","","","","","","","","","","1","","1","","","","","","","","1","1","","","","","","","","1","","","1","","","1","","","","","","","1","","","","5","","有一份稳定的高收入，可以减少社交上的一些恐惧","7","",
"204","11-Mar-2021 16:19:49","11-Mar-2021 16:21:17","88","中国","河南省","郑州市","","1","","1","5","郑州","	1","1","","","","","","","","1","","","","2","","","","","","1","","","","1","1","","","1","","","","","","1","","","","","","","","","","","","","","","1","","","","","","","","1","","","","","","1","","","","","2","","养猫","6","",
"203","11-Mar-2021 16:04:28","11-Mar-2021 16:14:58","630","中国","上海市","上海市","","1","","3","2","","浙江省绍兴市","1","","1","","1","1","1","","1","1","","","1","1","","","1","","1","","","","","","","","","","1","","","","","1","","","","1","","","","1","","","","1","","1","","","","","","","","1","1","1","","","","","1","","","","2","","","8","",
"202","11-Mar-2021 16:09:46","11-Mar-2021 16:13:20","214","中国","广东省","深圳市","","1","","1","1","","湖南省宜章县","2","","","","","","1","","1","","","","2","","","","","","","","","","1","1","1","1","1","1","1","","","","","","1","","","","","","","1","","","","","","1","","","","","1","","","1","1","1","","","","1","","1","","","5","长沙","无","6","家乡：期待会变的更好",
"201","11-Mar-2021 16:07:43","11-Mar-2021 16:09:15","92","中国","陕西省","西安市","","1","","1","5","西安","嘉峪关市雄关区","2","","","","","","","","1","","","","2","","","","","","","1","","","1","1","","","","1","","","","","1","","1","","","1","","","1","1","","","","1","1","1","","","1","","","","","1","","1","","","","1","1","","","","5","加拿大","nil","4","nil",
"200","11-Mar-2021 15:54:02","11-Mar-2021 16:01:51","469","中国","浙江省","杭州市","","1","","2","5","杭州","河南郑州新郑","1","","","","1","1","1","","1","","","","2","","","","","","","","","","1","1","","","","","","","","","","1","1","","","","","","","1","","","","","1","1","1","1","","","1","","","","","","","1","不想回家","1","","","","","5","","跟同学聚聚，喝点小酒","8","无",
"199","11-Mar-2021 15:29:05","11-Mar-2021 15:50:20","1275","中国","广东省","深圳市","","1","","1","1","","郴州市北湖区","2","","1","","1","","","","","","","","1","1","","","","","1","1","","","","1","1","","1","","","","","","1","1","1","","","","","","","1","","","","","","1","","1","","","","","","","1","1","","","","1","","1","","","4","","","7","",
"198","11-Mar-2021 15:29:39","11-Mar-2021 15:35:27","348","中国","上海市","上海市","","1","","2","2","","河南省柘城县","3","没实力定居","1","","","1","1","","1","","","","2","","","","","","","","","","1","1","1","1","1","","","","","","1","","1","","","","1","","","","","1","B站","1","","1","1","1","","","1","","","1","1","","1","","","1","1","1","","","5","环境好，未来有保障的任意城市","健身吧，我不知道我这种five除了健身之后能找到一点自信，别的地方都一事无成","7","家乡没有工作机会，郑州普遍五险没有一金，房价也涨起来了。对了，郑州默认一周上班6天的。、上海就是有工作机会，但是五险一金交最低，最然不加班。也能找到更好的工作，但是可能会加班比较多。上海的房子这辈子都买不起吧，租房离公司近的就比较贵，中介比较多，各种花销大。而且房租逐年上涨。",
"197","11-Mar-2021 15:07:58","11-Mar-2021 15:09:36","98","中国","广东省","深圳市","","1","","1","1","","湖南省资兴市","2","","","","1","1","","","","","","","2","","","","","","","","","","1","1","","","","1","","","","","1","","","","","","","","","1","1","","","1","","1","","","","","","","","","1","","","","","1","1","","","","5","长沙","无","3","",
"196","11-Mar-2021 14:52:48","11-Mar-2021 15:00:47","479","中国","浙江省","杭州市","","1","","2","5","杭州","江西省","1","","","1","1","1","1","","1","","","","1","","","","","","1","1","","","1","1","","","","","","1","","","1","","1","1","","","","","1","","","","","1","","1","","","","1","1","","","1","1","","","","","1","","","","","1","","简单、风景、薪资","6","大城市房价太高",
"195","11-Mar-2021 14:56:51","11-Mar-2021 15:00:43","232","中国","广东省","深圳市","","2","","2","1","","湖南省南县","1","","","","1","","1","","","1","","","1","","","","1","1","","1","","","","","","","","","","","","","1","1","1","1","","","1","","1","1","","","","","1","1","","1","","","","","","1","1","","","","","1","","","","","1","","新鲜事物和投缘的小伙伴","7","",
"194","11-Mar-2021 14:54:55","11-Mar-2021 14:56:37","102","中国","山东省","临沂市","","1","","1","5","","xxx","2","","","","","","","","","","1","","2","","","","","","","","","","1","1","1","","","","","1","","","","","1","","","","","","","","","","","1","","1","1","1","","","1","","","1","1","1","1","","","1","","","","","5","","cs","3","xx",
"193","11-Mar-2021 14:53:36","11-Mar-2021 14:55:18","102","中国","江苏省","南京市","","1","","2","5","南京","朔州市","2","","1","","","","","","","","","","2","","","","","","1","","","","1","","","","","","","","","","","1","1","","","","","","","","","","","","","1","","","","","","","","1","1","1","1","","","1","","1","","","3","","","5","",
"192","11-Mar-2021 14:53:37","11-Mar-2021 14:55:14","97","中国","广东省","深圳市","","1","","2","1","","哈尔滨市南岗区","1","","","","","1","1","","1","","","","2","","","","","","","","","","1","1","1","1","","1","","","","","1","","","","","1","1","","1","","","","","","1","1","","1","","","1","","","1","1","","","","","1","1","","","","1","","","8","",
"191","11-Mar-2021 14:25:54","11-Mar-2021 14:29:49","235","中国","北京市","","","1","","2","3","","衡阳市蒸湘区","2","","1","1","1","1","1","","1","","","","2","","","","","","","","","","1","1","","","","","","1","","","","1","1","","","","","","","1","","","阅读(人文类)","1","","1","","1","","","1","","","1","1","1","1","","","","1","","","","5","长沙","无","6","",
"190","11-Mar-2021 14:27:26","11-Mar-2021 14:29:31","125","中国","广东省","深圳市","","1","","2","4","","湖北","1","","1","","1","","1","","1","","","","1","1","","","","","1","1","","","","","","","","","","","","","1","1","1","1","","1","","1","1","1","1","","","","","1","","1","","","","","","1","1","","","","","1","","","","","5","不想飘荡","","6","",
"189","11-Mar-2021 14:22:27","11-Mar-2021 14:23:59","92","中国","北京市","北京市","","1","","3","3","","北京市海淀区","3","土著","","","","","","","","","1","老家","1","","","","","","1","","","","","","","","","","","","","","","","1","","","","","","1","1","","","","","","","","","","","","1","人多","","","","","1","没处去","","","","1","不可能","3","","","6","",
"188","11-Mar-2021 14:19:23","11-Mar-2021 14:21:19","116","中国","江苏省","南京市","","1","","1","5","南京","河南省信阳市","1","","1","1","","","1","","","","1","","2","","","","","","","","","","1","1","1","1","1","1","1","","","","1","1","1","1","1","1","1","","1","1","1","1","","1","","1","","1","","","1","","","1","1","","1","1","","1","1","1","","","5","南京","朋友","7","",
"187","11-Mar-2021 14:13:53","11-Mar-2021 14:16:47","174","中国","北京市","北京市","","1","","2","3","","河南省濮阳县","1","","","1","","","","","1","","","","2","","","","","","","","","","","1","","","","","","1","","","1","","1","","","","","","","","1","","","","","1","","","","","","","","1","","","","","","1","1","1","","","5","成都","","6","",
"186","11-Mar-2021 13:47:31","11-Mar-2021 13:49:27","116","中国","上海市","上海市","","1","","3","2","","山东","1","","1","","","","","","","","","","2","","","","","","","","","","","1","1","","","","","","","","1","","","","","","","","","","","","","","","1","","","","","1","","","1","","","","","","1","","","","","5","","","7","",
"185","11-Mar-2021 13:47:03","11-Mar-2021 13:49:14","131","中国","上海市","上海市","","1","","2","2","","山东省临沂市","1","","1","","","","","","1","1","","","1","","","","1","","1","1","","","1","1","","","","1","","","","","1","","1","","","","","","1","","","","","1","","1","","1","","","1","","","1","1","","1","","","1","1","","","","5","青岛","通勤时间短，工作压力小","7","家乡，你可快点发展吧",
"184","11-Mar-2021 13:42:41","11-Mar-2021 13:46:17","216","中国","江苏省","南京市","","1","","3","5","南京","江苏省南京市","1","","1","1","","","","","","","","","1","","1","1","","","1","","","","1","","","","","","1","","","","1","1","","","","","","","","1","","","","1","","1","","","","","1","","","","","1","","","","1","1","","","","5","新加坡","","8","",
"183","11-Mar-2021 13:42:57","11-Mar-2021 13:44:45","108","中国","江苏省","南京市","","3","","1","5","","少林寺驻武当山办事处","3","","","","","","","","","","1","不讲武德","2","","","","","","","","","","1","1","1","1","1","1","1","1","","","","","","","","","","","","","","1","咸鱼","","","","","","","","","1","","","","","","1","","","","","1","","5","","","1","",
"182","11-Mar-2021 13:42:21","11-Mar-2021 13:44:40","139","中国","北京市","北京市","","1","","2","3","","河南鹤壁","1","","1","","","","","","1","","1","交通","2","","","","","","","","","","","","","","","","1","","","","1","","1","","","","","","1","","","","","1","","1","","","","","","","","1","1","1","","","","1","","","","","3","","交通","6","无",
"181","11-Mar-2021 13:43:10","11-Mar-2021 13:44:34","84","中国","江苏省","南京市","","1","","3","5","南京","啊多发点","2","","","","","","","","1","","","","2","","1","","","","1","","","","","","1","","","","","","","","","1","1","","","","","","","1","","","","","","1","","","","","","","","","","","1","","","","1","","","","5","","","5","",
"180","11-Mar-2021 13:41:16","11-Mar-2021 13:43:55","159","中国","浙江省","杭州市","","1","","2","5","杭州","济南市莱芜区","1","","","","","","","","1","","1","房价","2","","","","","","","","","","","1","1","","1","","","","","","","","","","","","","","","1","","","","","","1","1","1","1","","1","","","1","","1","","","","1","1","","","","4","","买到了房子","7","",
"179","11-Mar-2021 13:39:21","11-Mar-2021 13:42:04","163","中国","北京市","北京市","","1","","2","3","","山西省运城市","3","观望","1","","","1","","","1","","","","1","1","","1","","","1","","","","1","","","","","","","1","","","1","1","","","1","","1","","","1","","","","1","","1","","1","","","","","","1","","1","","","","1","1","","","","5","重庆、武汉","","9","",
"178","11-Mar-2021 13:35:41","11-Mar-2021 13:38:34","173","中国","广东省","梅州市","","1","","1","5","梅州","汕头市澄海区","1","","","1","","","1","","","1","","","2","","","","","","","","","","1","1","1","","1","1","","","","","1","","1","","","","","","1","1","1","","","","","1","","","","","","","","","","1","1","","","","1","1","","","1","","","7","",
"177","11-Mar-2021 13:31:27","11-Mar-2021 13:34:53","206","中国","广东省","深圳市","","1","","2","1","","河南省禹州市","2","","","","1","1","1","","1","","","","2","","","","","","","","","","1","","1","","","","1","","","","","1","","1","","","1","","","1","","","","","","1","","","","1","1","","","","1","","","","","1","","1","","","5","天津","自己一个人比较自由","7","很累",
"176","11-Mar-2021 13:28:21","11-Mar-2021 13:32:13","232","中国","广东省","深圳市","","1","","1","1","","汕头市潮南区","2","","","","1","1","","","1","","","","2","","","","","","1","1","","","1","1","1","","1","","","","","","1","","1","","","","1","1","","1","1","","","1","","1","","1","","","1","","","1","","","","","","1","1","1","","","4","","气候环境舒适，就业机会多","7","...",
"175","11-Mar-2021 13:23:09","11-Mar-2021 13:27:05","236","中国","北京市","北京市","","1","","2","3","","山西吕梁","3","回不去的家，离不开的北上广","","","","","","","1","","","","2","1","","1","1","","","","","","","","","1","1","","","1","","","","","1","","","","","","","","1","1","自学其他行业知识","1","","1","1","1","","","","","","1","1","","","","","1","1","","","","3","","聚餐，吹水","8","家乡工资是真的低，彩礼是真的高",
"173","11-Mar-2021 12:34:52","11-Mar-2021 12:36:15","83","中国","河北省","","","1","","1","3","","合肥市蜀山区","1","","1","1","1","","1","1","1","","","","1","1","1","1","","","","","","","","","","","","","","","1","压力大","1","","","","","","","","","","1","","","","","1","","","","","","","","1","1","1","","","","","1","","","","3","","","7","",
"172","11-Mar-2021 11:58:02","11-Mar-2021 11:59:58","116","中国","重庆市","重庆市","","1","","2","5","重庆","重庆市涪陵区","1","","","","1","","1","1","","1","","","2","","","","","","","","","","1","1","1","1","","","","","","","1","","","","","","","","1","","1","","","","","1","1","","","","","","","1","","1","","","","1","1","","","","4","","","8","",
"171","11-Mar-2021 11:43:27","11-Mar-2021 11:45:08","101","中国","四川省","成都市","","2","","1","5","成都","外地","1","","","1","1","","","1","","","","","2","","","","","","1","","","","1","","1","","","","","","","","1","1","","","","","","1","","","1","","","1","","1","1","1","","","","","","","1","","","","","1","","","","","1","","","8","",
"170","11-Mar-2021 11:40:02","11-Mar-2021 11:43:13","191","中国","广东省","","","1","","1","4","","达州市大竹县","2","","","","1","","","","1","","","","2","","","","","","","","","","","1","","","","","","","1","无聊","1","1","1","","","","","","1","1","","","","","1","1","","","1","","","","","1","","","1","","","","1","1","","","5","老家","无","7","",
"169","11-Mar-2021 11:26:15","11-Mar-2021 11:28:26","131","中国","北京市","","","1","","2","3","","山西省忻州市","2","","","1","","","1","","1","","","","1","1","","","1","","1","","","","","","","","","","","","","","1","","","","","1","","","","","1","","","","","1","","","","","","","","","1","","","","","1","","","","","2","","","5","",
"168","11-Mar-2021 11:23:19","11-Mar-2021 11:28:04","285","中国","福建省","福州市","","1","","2","1","","hhunan","1","","1","","1","","","","1","","","","2","","","","","","","1","","","","","","","","1","","","","","1","","","","","","","","","","","","","","1","","","","","","","","","1","1","","","","","","1","","1","","2","","","7","",
"167","11-Mar-2021 11:21:56","11-Mar-2021 11:24:40","164","中国","山东省","济南市","","1","","1","5","济南","邯郸永年","2","","","","","","","","","","1","没什么满意的 准备溜了","2","","","","","","","","","","1","1","1","","","1","","1","","","1","","1","","","1","","","1","","1","","","1","","1","","","","","","","","1","","","1","","","1","1","1","","","3","","有工资拿……","5","",
"166","11-Mar-2021 11:21:16","11-Mar-2021 11:23:02","106","中国","浙江省","温州市","","1","","1","5","温州","浙江省温州市","1","","","","","","","","","","1","","2","","","","","","","","","","","","","","","","","","1","","","","1","","","","","","","","","","","1","","","","","","","","","","","","","","1","","1","1","1","","","4","","","7","",
"165","11-Mar-2021 11:20:32","11-Mar-2021 11:22:15","103","中国","四川省","成都市","","1","","2","5","成都","四川省","1","","1","","","","1","","1","","","","2","","","","","","","","","","1","1","1","","1","","","","","","1","1","1","","","","","","1","","","","","1","","1","","1","","","","","","","","1","","","","1","1","","","","5","","","6","",
"164","11-Mar-2021 11:18:38","11-Mar-2021 11:21:10","152","中国","江苏省","南通市","","1","","4","5","苏州","盐城","3","没钱","","","","","","","","","1","都没有","2","","","","","","","","","","1","1","1","1","1","1","1","","","","","","","","","","","","","","","1","睡觉，没钱","1","","1","1","1","","1","1","","","","","","","1","没有家可回","1","","","","","5","新闻联播里，大家都很开心","没有","1","地球毁灭吧",
"163","11-Mar-2021 11:17:25","11-Mar-2021 11:20:11","166","中国","湖南省","","","2","","2","5","长沙","湖南张家界","1","","1","","","","","","1","","","","2","","","","","","","","","","1","1","1","","","","","","1","领导性格奇葩","1","1","","1","","","","1","","1","","","","","","1","","1","","","","","","1","","","","","","1","1","1","","","5","","有自己的房子","6","",
"162","11-Mar-2021 11:11:55","11-Mar-2021 11:13:53","118","中国","广东省","广州市","","1","","1","4","","江门市","3","愿意还是愿意的 ， 钱不够 被迫不愿意","","1","","","","","1","","","","2","","","","","","","","","","1","1","1","1","","","","1","","","1","1","1","1","","1","1","","","1","","","","","","1","","","","","","","","1","1","1","1","","","1","1","1","","","5","家乡","赚钱","8","希望回到家乡",
"161","11-Mar-2021 11:07:56","11-Mar-2021 11:10:38","162","中国","上海市","上海市","","1","","1","2","","浙江省","2","","1","","","","","","1","","","","2","","","1","1","","","","","","1","","1","","","1","","","","","1","","1","","","","","","1","","","","","","","1","","","","","","","","","1","","","","","1","1","","","","5","","","4","",
"160","11-Mar-2021 11:06:06","11-Mar-2021 11:10:10","244","中国","广东省","广州市","","1","","2","4","","广东省三线城市","3","没钱买房，不知道怎么定居","","","","","","","","","1","找得到工作而已，其他没啥好满意的","2","","","","","","","","","","","1","","1","","","","","","","","","","1","","","","","","","","","","","","","","","","","","1","没有合适的工作","","1","","","","","","","","1","买得起房，有适合本行业的工作","5","不知道","一点都不快乐","1","很烦，就是很烦",
"159","11-Mar-2021 11:08:21","11-Mar-2021 11:10:09","108","中国","广东省","","","1","","1","5","","江西省宜春市","2","","1","","1","1","1","","","","","","2","","","","","","","","","","1","1","1","","1","","","1","","","1","1","1","","","","","","","","","","","1","","1","","1","","","1","","","1","1","","1","","","","","","1","","5","","","7","",
"158","11-Mar-2021 11:07:12","11-Mar-2021 11:09:10","118","中国","浙江省","杭州市","","1","","2","3","","吉林省","1","","1","1","","","1","","1","1","","","2","","","","","","","","1","","","1","","","","","","","","","1","1","1","","","","","","1","1","1","","","1","","1","1","1","","","","","","1","","","","","","1","1","","","","5","","、、、","7","凤飞飞",
"157","11-Mar-2021 11:03:01","11-Mar-2021 11:07:05","244","中国","四川省","成都市","","1","","1","5","成都","湖北省十堰市房县","1","","","","","","","1","","1","","","1","","","1","1","","1","1","","","","","","","","","","","","","","","","1","","","","","1","1","1","","","1","","1","1","1","1","1","1","","","1","1","","","","","1","1","1","","","5","成都","生活压力不会太大，工作压力适中，工作之余有更多时间丰富生活，毕竟人活着是为了生活，而不仅仅是活着....","8","家乡固然是家乡，可毕竟容不下我放荡不羁的灵魂",
"156","11-Mar-2021 11:04:40","11-Mar-2021 11:06:43","123","中国","北京市","北京市","","1","","2","3","","安徽省安庆市","1","","1","","","","1","","1","","","","1","1","","","1","","","","","","","","","","","","","","","","1","","1","","","1","","","","1","","","","1","","1","","1","","","1","","","1","1","","1","","","1","1","1","","","3","","","7","",
"155","11-Mar-2021 11:03:22","11-Mar-2021 11:05:03","101","中国","上海市","上海市","","1","","1","2","","武汉市江夏区","2","","1","1","","1","1","","1","","","","1","1","1","","","","1","","","","","","1","1","1","","","","","","1","","1","","","","1","","","","","","","1","","1","","","","","","","","1","1","1","","","","1","1","","","","2","","","8","",
"154","11-Mar-2021 11:03:03","11-Mar-2021 11:04:46","103","中国","广东省","深圳市","","1","","3","1","","河南省清丰县","1","","","","","","1","","","","","","2","","","","","","","","","","1","","","","","1","","1","","","1","","1","","","","","","","","","","","","","1","","","","","","","","","","1","","","","1","","","","","5","","","8","",
"153","11-Mar-2021 11:03:06","11-Mar-2021 11:04:35","89","中国","上海市","上海市","","1","","1","2","","河南","2","","","","","","","","1","","","","2","","","","","","","","","","","","","","","","","","1","","1","","1","","","1","","","","1","","","","","","1","","","","","","","","","","1","","","","","1","","","","5","","","6","",
"152","11-Mar-2021 10:51:15","11-Mar-2021 10:59:20","485","中国","广东省","深圳市","","1","","2","1","","黑龙江省大庆市","1","","","","1","1","","","1","","","","2","","1","","1","","1","","","","1","1","","","","","","","","","1","","1","","","","","","","1","1","","","1","","1","1","","","","","","","1","1","1","","","","1","1","","","","5","洛杉矶","有亲人在这边，不会觉得孤独","6","深圳一切都很好，就是房价太高...家乡的话，对于一个正在走向资源枯竭的城市，你实在无法苛求太多",
"151","11-Mar-2021 10:56:41","11-Mar-2021 10:59:10","149","中国","山东省","济南市","","1","","2","5","济南","济南市市中区","1","","","","","","","","","1","1","老家","1","","","","","","1","1","","","","","","","","","","","","","1","1","1","1","","1","","","1","1","","","","","1","","","","1","","","","","","","1","","","","","1","","","","5","威海","","6","",
"150","11-Mar-2021 10:55:47","11-Mar-2021 10:57:25","98","中国","香港","","","1","","3","1","","深圳市","1","","1","","1","1","","1","1","1","","","2","","","","","","","","","","","","","","","","","","","","1","1","1","","","","1","","","1","","","","","","","","","","","1","","","","","","","1","","1","1","","","","1","","","8","",
"149","11-Mar-2021 10:55:36","11-Mar-2021 10:57:05","89","中国","山东省","济南市","","1","","1","5","","山东省","2","","","1","","","","","","","","","2","","","","","","1","","","","1","1","1","1","1","","","1","","","1","1","","","","","","","","","","","","","","1","","","","","","","","1","","1","1","","","1","","1","","","3","","","6","",
"148","11-Mar-2021 10:45:48","11-Mar-2021 10:48:25","157","中国","北京市","北京市","","1","","2","3","","山东","2","","1","1","1","","","","1","","","","1","","","","","","1","","","","","1","","1","","","","","","","1","1","","","","","1","","","","","","","","","1","","","","","","","","1","1","","1","","","1","1","1","","","5","杭州","","5","",
"147","11-Mar-2021 10:44:21","11-Mar-2021 10:47:10","169","中国","北京市","北京市","","1","","2","3","","唐山市路北区","1","","","1","","","1","","1","","","","1","","","","","","1","","","","","","","","","","","","","","1","1","1","","","","","","","1","","","","","","1","","","","","","","","1","","","","","","1","1","","","","3","","","7","",
"146","11-Mar-2021 10:40:58","11-Mar-2021 10:44:52","234","中国","广东省","深圳市","","1","","3","1","","山东省禹城市","1","","","","1","1","1","","1","","","","2","1","","","","","","","","","","1","","","","1","","1","","","","","","","","1","1","","","","","","","1","1","1","","1","","","1","","","1","1","","","","","1","1","","","","4","","","6","",
"145","11-Mar-2021 10:39:53","11-Mar-2021 10:42:33","160","中国","上海市","","","1","","1","2","","常州","2","","","","","","","","","1","","","2","","","","1","","","","","","1","1","1","","1","","","1","","","1","1","1","","","","","","1","1","","","","","","1","","1","","","","","","1","1","1","","","","1","1","1","","","5","成都","","7","",
"144","11-Mar-2021 10:39:03","11-Mar-2021 10:41:52","169","中国","北京市","北京市","","1","","1","3","","湖南省岳阳市","2","","1","1","","","1","","1","","","","2","","","","","","","","","","","1","","","","1","","","","","1","","1","1","","1","","","","","","","","","","1","","","","","","","","1","1","1","","","","1","1","1","","","1","","","7","",
"143","11-Mar-2021 10:37:40","11-Mar-2021 10:39:28","108","中国","四川省","","","1","","1","5","成都","四川绵阳","2","","","","","","","1","","","","","1","","","","1","","","","","","","","1","","","","","","","","","","1","1","","","","","","1","1","","","","","1","","","","","","","","","","1","","","","","","1","","","5","苏州","","5","",
"142","11-Mar-2021 09:43:09","11-Mar-2021 09:45:57","168","中国","广东省","","","2","","2","5","珠海","湖南省益阳市","1","","","","1","","","","","","","","2","","","","","","","","","","","","","","","1","","1","","","1","","","","","","1","","1","","1","","","","","1","","1","","","","","","1","","","1","","","","1","","","","5","长沙","","7","",
"141","11-Mar-2021 09:41:01","11-Mar-2021 09:44:30","209","中国","广东省","","","2","","2","1","","广东茂名","1","","","","","","1","","","","","","2","1","1","1","1","1","1","1","","","1","1","1","","","1","1","","","","1","1","","","","","","1","1","1","","","","","","1","","","","","","","","1","","","","","","1","1","1","","","1","","","8","",
"140","10-Mar-2021 14:05:24","11-Mar-2021 09:42:12","70608","中国","江苏省","苏州市","","2","","2","5","苏州","江苏省南通市","1","","","1","1","1","","","","","","","1","","","","","","1","","","","","","","","","","","","","","","","1","","","","","","","","1","","瑜伽","","","","","","","","","1","","","","","","1","","1","1","1","","","5","南京","有自己的房子、有喜欢的人、有一份还行的工作","7","",
"139","11-Mar-2021 09:34:17","11-Mar-2021 09:39:26","309","中国","广东省","深圳市","","2","","1","1","","湖北省赤壁市","1","","","","1","1","","","1","","","","1","","","","1","","","","1","对生活大小事情都有乐趣","","","","","","","","","","","1","","","1","","","","","","","","1","打麻将","","","1","","","","","","","","1","","","1","","","1","","1","","","1","","最快乐的事是生活无太多忧虑，身边的人都好相处父母身体健康。跟我在哪个城市无关","7","小城市没啥想说的",
"138","11-Mar-2021 09:31:50","11-Mar-2021 09:36:04","254","中国","广东省","","","2","","2","1","","福建","1","","","","1","1","","","","","1","l","1","","","1","","","","","1","","1","","","","","1","","","","","1","","","","","1","","","1","","","1","","","","1","","","","","1","","","","1","","","","","1","","","","","1","","有家人","7","暂时没有",
"137","11-Mar-2021 09:30:56","11-Mar-2021 09:33:39","163","中国","广东省","","","2","","2","1","","湖北省","3","没钱买房","","","","1","1","","1","","","","1","","","","","","","","1","","1","","","","","","","","","","","1","","1","","1","","","","","","","","","","1","","","","","","","","","1","","","","","1","","","","","5","","","8","",
"136","11-Mar-2021 09:23:37","11-Mar-2021 09:26:16","159","中国","广东省","","","2","","1","1","","地球市中国区","2","","","","1","","","","","","","","2","","","","","","1","","","","1","1","1","","","","","","","","1","1","","","","","","","1","","","","","","","1","","1","","","","","","","","1","","","","1","","","","","5","你猜","很多","8","无",
"135","10-Mar-2021 21:39:48","10-Mar-2021 21:42:27","159","中国","广东省","深圳市","","1","","2","1","","江西省赣州市","3","结合工作以及具体收入情况支持而定","1","","1","1","","","1","","","","2","1","1","1","1","1","1","1","","","1","1","","","","","","","","","1","","1","1","","","","","","1","","","","1","","1","","","","1","","","","","1","","1","","","1","1","","","","5","","","7","",
"134","10-Mar-2021 19:09:04","10-Mar-2021 19:10:56","112","中国","上海市","上海市","","1","","2","2","","湖南省凤凰县","1","","1","1","1","1","1","","1","1","","","1","1","1","1","1","1","","","","","","","","","","","","","","","1","","1","1","","1","","","1","1","","","","","","1","","","","","","","","1","1","","","","","1","","","","","2","","发工资","9","我要加油",
"133","10-Mar-2021 18:07:40","10-Mar-2021 18:14:46","426","中国","北京市","北京市","","2","","2","3","","湖北省洪湖市","2","","1","1","","","","","1","","","","1","1","1","1","1","1","","","","","","","","","","","","","","","1","1","","1","","1","1","","","1","1","","","1","","1","","1","","","","1","交通","1","1","","1","","","1","1","","","","5","武汉","约上几个朋友一起聚聚","7","北京房价太高呀",
"132","10-Mar-2021 18:07:21","10-Mar-2021 18:09:51","150","中国","湖北省","荆州市","","2","","2","1","","湖北省洪湖市","1","","","","","","","","1","1","","","2","","","","","","","","","","1","1","1","1","1","1","1","1","1","","1","1","","","","1","","","","1","","","","1","","1","","","","1","","","","1","1","","","","","1","","","","","1","","","4","",
"131","10-Mar-2021 17:59:18","10-Mar-2021 18:01:24","126","中国","陕西省","","","1","","4","5","","保密","1","","","","1","","","1","","","","","2","","","","","","","","","","1","","1","","","","","","","","1","","1","","","","","","","","","","","1","","1","","1","","1","1","","","","","","","1","","1","1","","","","4","","","6","",
"130","10-Mar-2021 17:55:50","10-Mar-2021 17:59:48","238","中国","浙江省","杭州市","","2","","2","5","杭州","湖北省洪湖县","1","","1","1","","1","1","","","","","","2","","","","","","","","","","1","1","","","","","","","","","1","1","","","","","","","1","1","","","","1","","","","1","","","1","","","1","1","","","","","1","","","","","1","","生活节奏舒适，","8","",
"129","10-Mar-2021 17:35:20","10-Mar-2021 17:38:57","217","中国","广东省","深圳市","","3","社畜","2","5","十八线城市","蓬莱仙岛临渡口那个山脚下的茅屋","2","","","","1","","","","","","","","2","","","","","","","","1","，，","1","","","","","","","","","","","","","","","","","","","","","1","还有工作之余？","","","1","","","","","","","","","1","","","","","1","","","","","5","十八层地狱呆着吧","没有","1","没",
"128","10-Mar-2021 17:26:04","10-Mar-2021 17:27:03","59","中国","广东省","深圳市","","1","","2","1","","	1","1","","","","","","","","","","1","","1","1","","","","","","","","","","","","","","","","1","1","","1","","1","1","","","1","","","","","","","","","","","","","","","1","","1","","","","","","1","","","","","1","","","7","",
"127","10-Mar-2021 17:12:45","10-Mar-2021 17:18:14","329","中国","广东省","深圳市","","2","","2","1","","广东省汕头市","1","","","1","","","1","","","","","","1","","1","1","1","","","","","","","","","","","","","","","","1","1","","","","","","","1","1","","","","","","1","","1","","","1","","","1","","","","","","1","1","","","","5","二线城市，前提是工资水平高","1.自由人，自由生活，自由支配时间，不受束缚2.五湖四海的人，文化包容性高3.跟喜欢的人一起","6","家乡是对家的思念和记忆的回顾，情感沉淀的港湾；工作城市，请善待我们这些打工人！",
"126","10-Mar-2021 16:59:45","10-Mar-2021 17:02:11","146","中国","广东省","深圳市","","2","","2","1","","湖北省荆州市","1","","","","1","1","1","","1","","","","1","","1","","1","","","1","","","1","1","","","1","","","1","","","1","1","","","","","","","","1","1","","","","","1","","","","","","","","1","1","1","","","","1","","1","","","4","","生活环境比较好，跟喜欢的人在一起","7","希望家乡变得更好，希望深圳房价更低",
"125","10-Mar-2021 15:40:23","10-Mar-2021 16:45:05","3882","中国","青海省","西宁市","","1","","3","5","青海","青海省湟源县","2","","1","1","1","","1","","1","1","","","1","1","","1","","1","","","","","","","","","","1","1","","","","1","","","","","","","","","","","","","1","1","","1","1","","1","","","","","1","","","","","1","1","","","","3","","","3","",
"124","10-Mar-2021 15:46:45","10-Mar-2021 15:53:43","418","中国","广东省","广州市","","1","","1","4","","韶关市","1","","1","1","","1","1","","","1","","","2","","","","","","1","","","","1","1","1","","1","","1","","","","","","","","","","","","","1","","","","","","1","","","","","","","","","","","","1","无","1","1","","","","5","奥克兰","无","7","无",
"123","10-Mar-2021 15:24:27","10-Mar-2021 15:26:23","116","中国","陕西省","西安市","","1","","3","5","西安","西安","1","","","1","","","1","1","1","1","","","1","1","","","","1","1","1","","","","","","","","","","","","","1","1","1","1","","1","","","1","","1","","","1","1","1","1","1","1","","","","","1","","","","","","","1","","","","3","","","6","",
"122","10-Mar-2021 15:14:54","10-Mar-2021 15:20:02","308","中国","广东省","深圳市","","2","","1","1","","湖南省益阳市","3","房价太高","1","1","1","1","1","","1","","","","2","","","","","","","","","","1","","1","","1","","","","","","1","1","1","","","1","","","1","1","1","","","","1","1","","1","","","","","","","1","","","","","1","","","","","1","","解压玩","8","家乡冬天别那么冷了快点装暖气吧，深圳房价掉下去吧……",
"121","10-Mar-2021 15:07:49","10-Mar-2021 15:12:04","255","中国","福建省","福州市","","1","","3","1","","重庆市梁平区","2","","1","","","","","","","","","","2","","","","","","","","","","1","","1","","","1","1","1","","","1","","","1","","","","","","","","","","","","1","","","","","","","","1","1","","1","","","1","","","","","5","昆明","有稳定收入 有几个知心朋友","7","",
"120","10-Mar-2021 15:04:38","10-Mar-2021 15:11:43","425","中国","广东省","广州市","","1","","3","4","","湖北","2","","","","","","","","","","1","无","2","","","","","","","","","","1","","","","1","1","","","","","1","1","1","","","","1","","","1","","","","","","1","","","","","","","","1","","","","","","1","","","","","5","无","","5","",
"119","10-Mar-2021 15:09:24","10-Mar-2021 15:11:19","115","中国","四川省","成都市","","1","","2","5","成都","这要求过分了","1","","","1","1","","","1","1","","","","1","1","1","1","1","1","","1","","","","","","","","","","","","","1","1","1","","","1","","1","1","1","1","","","1","1","1","1","1","1","1","1","","","1","1","1","1","","","1","1","1","","","5","","","1","",
"118","10-Mar-2021 15:00:08","10-Mar-2021 15:07:54","466","中国","湖南省","衡阳市","","1","","2","5","衡阳","衡阳市珠晖区","3","一般","","","1","","","","","","","","2","","","","","","","","1","","1","1","","1","","1","","","","","1","1","1","1","","1","1","","1","1","1","","","1","","1","","","","1","","","","1","","","","","","1","1","","","","1","","","7","",
"117","10-Mar-2021 15:02:33","10-Mar-2021 15:06:25","232","中国","广东省","深圳市","","2","","2","1","","湖北省荆州区","3","么有具体规划","","","1","","","","1","","","","1","1","","1","1","","","1","","","","","","","","","","","1","暂时不清楚","","1","","","","","","","","1","","","","","","1","","","","","","","","","","","","1","没想好","1","","","","","5","这几个都差不多","安安静静的生活工作","8","都挺好，没有更多想法。",
"116","10-Mar-2021 14:56:37","10-Mar-2021 14:58:37","120","中国","广东省","深圳市","","1","","1","1","","四川","1","","","","","","","","","1","","","1","","","","1","","","1","","","","","","","","","","","","","1","","1","","","1","","","1","1","1","","","","","","","","","","","1","回不去了","1","1","1","1","","","","1","","","","1","","","2","",
"115","10-Mar-2021 14:51:16","10-Mar-2021 14:54:22","186","中国","江苏省","南京市","","2","","2","1","","成都市武侯区","1","","","","1","1","","","1","","","","1","","","1","1","","","","","","","","","","","","","","","","1","1","1","1","","","1","1","1","1","1","","","1","1","1","","1","","","1","","","1","","","","","","1","","","","","1","","","7","",
"114","10-Mar-2021 14:38:58","10-Mar-2021 14:53:42","884","中国","上海市","上海市","","1","","1","2","","普陀","1","","1","1","","1","1","","1","","","","1","","","","1","1","","","1","算是走上正途了吧","1","","","","","","1","","1","没有什么空余时间去看东西","1","","1","1","","1","1","","","1","","1","学习东西，音乐绘画表演之类的","1","","1","1","1","1","1","1","","","1","","","","","","1","1","","","","2","","一切都很正规，没有太多的关系色彩，没有太多的官场文化，没有人知晓你的过往","8","希望都能变更好",
"113","10-Mar-2021 14:51:23","10-Mar-2021 14:53:15","112","中国","北京市","北京市","","1","","2","3","","江苏","2","","1","","","","","","1","","","","2","","","","","","1","1","","","","1","","","1","","","1","","","1","1","1","","","","1","1","","1","","","","1","","1","","","1","1","","","","","1","","","","","1","1","","","","2","","","5","",
"112","10-Mar-2021 14:50:43","10-Mar-2021 14:52:43","120","中国","北京市","北京市","","1","","3","2","","湖南省益阳市","1","","1","1","","","1","","1","","","","1","","1","1","1","1","","","","","","","","","","","","","","","1","1","1","","","1","1","1","","","","","","1","","1","","1","","","1","","","1","","","","","","1","","","","","1","","","8","",
"111","10-Mar-2021 14:44:46","10-Mar-2021 14:51:47","421","中国","广东省","深圳市","","1","","2","1","","福建省仙游县","3","看钱","","","1","1","","","","","1","离家较近","2","","","","","","","","","","1","1","1","","","","1","","","","","1","","","","","","","","1","","1","游泳、打游戏","1","","1","","1","","","","","","","1","1","","","","1","","1","","","5","","不用理会老家的七大姑八大婆","7","家乡是会不会的，深圳市呆不下去的。前路漫漫不止去哪。。。。",
"110","10-Mar-2021 14:40:54","10-Mar-2021 14:51:11","617","中国","江西省","南昌市","","1","","1","5","南昌","江西省南昌市","1","","","","","","","","1","1","1","离家近","1","","","","","","1","1","1","离家近","1","1","","","","","","","","","1","","1","","","","","","1","","","","","","","1","","1","","","","","","1","","","","","","1","","","","","5","","离家近，回家就10分钟。感情稳定，工资还可以，工作有上升空间","7","有待发展",
"109","10-Mar-2021 14:46:29","10-Mar-2021 14:47:59","90","中国","上海市","上海市","","2","","3","2","","江西","1","","1","","","1","1","","1","1","","","1","1","1","1","1","","","","","","","","","","","","","","","","","","","1","","","1","","1","1","","","","1","","1","","1","","","1","","","1","","","","","","","","","1","","5","","","8","",
"108","10-Mar-2021 14:38:17","10-Mar-2021 14:47:12","535","中国","北京市","北京市","","1","","2","3","","hlj mdj","1","","1","1","","","1","","1","","","","2","1","1","","","","1","","","","","1","","1","","1","","","","","1","1","1","","","1","","1","1","1","","","","1","1","1","1","1","1","","1","","","","1","","","","","","1","","","","1","","赚钱","6","地区发展不平衡，亲人分离，老无所依。以高房价，996，压榨年青人，变成只知道攒钱买房的社畜。全民理想只是买房，害怕财富被稀释，内心浮躁。但人生不该如此，应该还有诗和远方。",
"107","10-Mar-2021 14:39:53","10-Mar-2021 14:46:17","384","中国","广东省","深圳市","","1","","2","1","","甘肃省会宁县","2","","","","1","","","","","","","","2","","","","","","","","","","","","","","","1","","","1","pua严重","","","","","","","","","","","","1","看直播","","1","1","","","","","","","","1","1","","","","","1","","","","","1","","迫于生存，没有快乐","7","",
"106","10-Mar-2021 14:15:45","10-Mar-2021 14:46:07","1822","中国","广东省","深圳市","","2","","2","1","","广东省河源市","1","","1","","","","1","","1","","","","1","1","1","1","1","1","","1","","","","","","","","","","","","","1","","1","","","","","","1","1","1","","","1","","1","","","1","","","","","1","1","","","","","","1","","","","1","","","8","",
"105","10-Mar-2021 14:44:12","10-Mar-2021 14:45:58","106","中国","山东省","济南市","","1","","1","5","","XX","1","","","","","","","","","","1","","2","","","","","","","","1","","1","","1","","","","","","1","","1","","","","","","","","","","","","","","","1","","","","","","","","1","1","","1","","","1","","","","","5","","wu","3","wu",
"104","10-Mar-2021 14:42:40","10-Mar-2021 14:45:37","177","中国","广东省","深圳市","","1","","1","1","","陕西省渭南市富平县","2","","","","","1","1","1","1","","","","2","","","","","","","","","","1","1","","","","","","1","","","","1","1","","","1","","","1","1","","","","","","1","","","","","","","","1","1","","1","","","1","1","","","","5","","独自哈皮","8","",
"103","10-Mar-2021 14:43:44","10-Mar-2021 14:45:33","109","中国","山东省","淄博市","","1","","2","5","","淄博市张店区","1","","","","","","","1","","","","","1","","","","","","","1","","","","","","","1","","","","","","1","","","","","","","","","","","","","1","","1","","","","","","","","","","1","","","","1","","","","","5","青岛","","8","",
"102","10-Mar-2021 14:43:12","10-Mar-2021 14:44:54","102","中国","陕西省","西安市","","1","","2","5","","山西","1","","1","1","","1","1","","","","","","2","","","","","","","","","","1","1","1","","","1","","","","","1","","1","","","","","","1","1","","","","1","","1","","1","","","1","","","1","","1","","","","1","","","","","5","","","6","",
"101","10-Mar-2021 14:40:50","10-Mar-2021 14:44:03","193","中国","广东省","广州市","","1","","1","5","珠海","湖北省云梦县","2","","","","","1","","","","","","","2","","","","","","","","","","1","1","1","","","","","1","","","1","1","","","","","","","","","","","","","","1","","","","","","","","1","1","","","","","1","1","1","","","3","","没有","5","无言",
"100","10-Mar-2021 14:34:16","10-Mar-2021 14:43:09","533","中国","广东省","广州市","","1","","1","4","","xx市xx区","1","","","","","","","","","","1","","1","","","","","","","","","","","","","","","","","","","","1","1","1","","","","","","","1","1","","","","","1","","","","","","","","","","1","","","","1","","","","","4","","","7","",
"99","10-Mar-2021 14:38:42","10-Mar-2021 14:42:36","234","新加坡","","","","1","","3","5","新加坡","广东省","1","","1","","1","1","1","1","","","","","2","","","","","","","","","","1","1","","","","","","","","","1","","","1","","1","","","","","","","","","","","","","","","1","","","","","","","1","怀旧","1","1","1","","","5","澳洲","","8","",
"98","10-Mar-2021 14:40:43","10-Mar-2021 14:42:13","90","中国","北京市","北京市","","1","","2","3","","河南鲁山","2","","1","","","","","1","1","","","","2","","","","","","","","","","","1","","","","","1","1","","","1","1","1","","","","","","","1","","","","1","","1","1","","","","1","","","1","1","","","","","","1","","","","5","","","5","",
"97","10-Mar-2021 14:39:24","10-Mar-2021 14:41:56","152","中国","湖北省","武汉市","","1","","1","5","武汉","武汉市武昌区","1","","1","1","","","","1","","","","","2","","","","","","","","","","","1","","","","","","","","","1","1","1","","","","1","","1","1","1","","","","","1","","1","","","1","","","","","","","1","没有","","1","","","","4","","","7","",
"96","10-Mar-2021 14:39:22","10-Mar-2021 14:41:40","138","中国","浙江省","","","1","","4","5","杭州","select * from user","2","","","","","","","","1","","","","2","","","","1","","","","","","1","1","1","","","1","1","1","","","1","","1","","","","","","","","","","","","","1","","","","","","","","1","","","","","","1","1","","","","5","qita","ffff","4","ddd",
"95","10-Mar-2021 14:39:09","10-Mar-2021 14:41:17","128","中国","浙江省","杭州市","","1","","2","5","杭州","山西大同","1","","1","","","1","","","1","","","","2","","","","","","","","1","不快乐","1","1","1","","1","1","","1","","","1","","1","","","","","","1","","","","","","","1","","","","1","","","","1","","","","","","1","","","","","5","成都或者西安","无","6","无",
"94","10-Mar-2021 14:39:47","10-Mar-2021 14:41:13","86","中国","北京市","北京市","","1","","2","3","","山西","2","","1","","","","","","1","","","","2","1","","","","","","","","","","","","","","","","1","","","1","1","1","","","","","1","1","1","","","","","","1","","","","","","","","1","1","1","1","","","1","1","","","","1","","","5","",
"93","10-Mar-2021 14:38:33","10-Mar-2021 14:40:59","146","中国","上海市","上海市","","1","","2","2","","十堰市茅箭区","2","","","","","1","","","1","","","","2","","","","1","","","","","","","","1","","","","","","","","1","1","1","","","","","","","","","","","1","","1","","1","","","","","","","1","1","","","","1","","","","","5","武汉","","7","",
"92","10-Mar-2021 14:38:37","10-Mar-2021 14:40:59","142","中国","广东省","深圳市","","2","","2","1","","湖南省益阳市","2","","","","","1","1","","1","","","","1","","","","","","","","1","","","","","","","","1","1","","","1","1","1","1","","","","","1","1","","","","","","1","","","","","1","","","1","1","1","","","","1","1","","","","5","长沙","","5","",
"91","10-Mar-2021 14:37:17","10-Mar-2021 14:40:52","215","中国","安徽省","合肥市","","1","","2","5","","合肥","3","","","","","","","","","","1","","2","","","","","","","","1","","1","","","","","","","1","","","1","","","","","","","","","","","1","","","","","","","","","","1","","1","","1","","","","","1","","","","5","","","5","",
"90","10-Mar-2021 14:37:12","10-Mar-2021 14:39:53","161","中国","浙江省","杭州市","","1","","2","5","杭州","河南省","3","买不起房","","","","1","1","","","","","","2","","","","","","","","","","1","1","1","1","1","1","1","1","","","","1","","","","","","","","","","","","","1","1","","1","","","1","","","1","1","","1","","","1","1","1","","","5","杭州","和自己喜欢的人在一起玩耍","7","",
"89","10-Mar-2021 14:36:42","10-Mar-2021 14:39:40","178","中国","广东省","广州市","","1","","1","4","","江西省宜春市","1","","","","1","1","1","1","1","","","","1","","1","","1","","","","","","","1","","","","","1","","","","","1","1","","","1","1","","","1","","","","","1","1","","1","","","1","","","","","1","","","","1","","","","","4","","四季如春，不会感到寒冷!买东西方便，东西多，快递快！","8","如果家乡跟现在城市的薪资差不多的话，应该还是会回家乡",
"88","10-Mar-2021 14:34:06","10-Mar-2021 14:37:27","201","中国","上海市","上海市","","1","","2","2","","苏州市","2","","","","","","","","","1","","","2","","","","","","1","1","","","","1","","","","","","","","","","","1","","1","","","","","1","","","","","","1","","","","","","","","1","1","","","","","","1","","","","5","国外","做饭","7","",
"87","10-Mar-2021 14:35:58","10-Mar-2021 14:37:08","70","中国","广东省","深圳市","","1","","2","1","","吉林省白城市","1","","","","1","1","","","1","1","","","2","","","","","","1","","","","","","","1","","","","","","","1","","","","","","","","","","","","","","","1","","","","","","","","1","1","","","","","1","","","","","1","","","8","",
"86","10-Mar-2021 14:34:52","10-Mar-2021 14:37:01","129","中国","浙江省","杭州市","","1","","1","5","杭州","浙江省玉环县","1","","","","","","","","1","","","","1","","","","","","1","1","","","","","","","","","","","","","","1","1","","","","","","","1","","","","","","1","","1","","","","","","1","","","","","","1","","","","","2","","活少钱多","7","",
"85","10-Mar-2021 14:32:25","10-Mar-2021 14:36:36","251","中国","江苏省","南京市","","1","","2","5","南京","河南省商丘市","1","","","","","1","","","","","","","1","1","","","","","","","","","","","","","","","1","","","","","","1","1","","","","","","1","","","","","","1","","","","","1","","","","","","","1","饮食习惯","1","1","","","","5","南京","自然好风光","8","爱过",
"84","10-Mar-2021 14:35:03","10-Mar-2021 14:36:12","69","中国","山东省","青岛市","","3","","4","5","","火星","2","","","","","","","","","","1","太热","2","","","","","","","1","","","","","","","","","1","1","","","1","","","","","","","","","","","","","","1","","","","","","","","","","1","","","","","","1","","","","5","地球","","1","",
"83","10-Mar-2021 14:33:29","10-Mar-2021 14:36:10","161","中国","北京市","北京市","","2","","3","3","","天津市红桥区","2","","","","","","","","1","","","","2","","","","","","","","","","","1","","","1","1","","1","","","1","","","","","1","","","","","","","","","","1","","","","","","","","","1","","1","","","","1","","","","1","","工资高","6","",
"82","10-Mar-2021 14:34:02","10-Mar-2021 14:35:24","82","中国","浙江省","杭州市","","1","","2","5","杭州","杭州市拱墅区","1","","","1","","1","1","","1","","","","1","1","","","","","","","","","","1","1","1","","1","1","","","","","","1","","","","","","","","","","旅游","","1","1","1","1","","","1","","","","1","","","","","1","1","","","","5","海口","","7","",
"81","10-Mar-2021 14:32:19","10-Mar-2021 14:35:16","177","中国","上海市","上海市","","1","","2","2","","陕西省宝鸡市","2","","1","","1","1","","","1","","","","1","","","","","","1","","","","1","","1","","","","1","1","","","1","1","","","","","","","","","","","","1","1","1","","","","","1","","","1","1","1","","","","1","","","","","5","","有几个好玩的朋友","5","我就是想看看问卷是干嘛的",
"80","10-Mar-2021 14:33:58","10-Mar-2021 14:35:04","66","中国","广东省","深圳市","","1","","2","1","","开封市尉氏县","2","","","","","","","","1","","","","2","","","","","","1","1","","","1","1","1","","","","","","","","1","","1","","","","","","","","","","","","","1","","","","","","","","1","1","","","","","1","","","","","4","","","5","",
"79","10-Mar-2021 14:32:38","10-Mar-2021 14:34:58","140","澳大利亚","","","","1","","2","1","","湖北省天门市","2","","","","","","","","1","","","","1","1","","","","","","","","","","","","","","1","","","","","1","","","1","","","","","","","1","","","","","1","","","","","","","","","1","","","","","1","","","","","5","","","3","",
"78","10-Mar-2021 14:32:08","10-Mar-2021 14:34:44","156","中国","北京市","北京市","","1","","3","3","","天津市西青区","2","","","","","","","","1","","","","2","","","","","","","","","","","1","","","","","1","","","","1","1","1","","","","","","1","","","","","","1","1","","","","","","","","","","1","","","","1","1","","","","5","哈利法克斯","发工资","3","",
"77","10-Mar-2021 14:31:45","10-Mar-2021 14:34:29","164","中国","广东省","深圳市","","1","","2","1","","湖南省衡山县","1","","","","","","","","1","","","","1","","","","","","1","","","","1","1","","","","","","","","","1","","1","","","","1","","","1","","","","","","1","","1","","","","","","1","1","","1","","","1","","","","","2","","摸鱼","6","不归路",
"76","10-Mar-2021 14:29:33","10-Mar-2021 14:34:08","275","中国","广东省","深圳市","","1","","3","1","","	0310","3","买不起","","","","","","","1","","","","1","1","","1","","","","1","","","","","","","","","","","","","1","","1","","","","","","1","1","","","","","","1","1","1","","","","","","1","1","","","","","","","1","","","5","成都","有三五好友","7","没啥想说的，有什么能力，活个什么样",
"75","10-Mar-2021 14:31:50","10-Mar-2021 14:33:42","112","中国","香港","","","1","","3","2","","福州市仓山区","1","","1","1","","","","1","","","","","2","","","","","","","","","","1","1","1","1","1","1","1","","","","1","","","","","","","","","","","","","1","1","1","1","1","1","1","1","","","","","1","","","","1","1","","","","5","美国旧金山","","3","",
"74","10-Mar-2021 14:31:11","10-Mar-2021 14:33:23","132","中国","广东省","深圳市","","2","","2","1","","云南省","1","","","","1","","","","","","","","1","","","","","","1","","","","1","1","","","","","","","","","1","1","1","","","","","","1","1","","","","1","","1","","","","","","","","1","1","1","","","","1","1","1","","","4","","","4","",
"73","10-Mar-2021 14:31:38","10-Mar-2021 14:33:22","104","中国","北京市","北京市","","1","","2","3","","sichuan","2","","","","1","1","","","","1","1","","2","","","","","","","","","","1","1","1","1","1","1","1","1","","","1","1","1","","","","","","","","","","","1","","1","","1","1","1","","","","","1","","1","","","","1","","","","5","","，ll","1","",
"72","10-Mar-2021 14:29:18","10-Mar-2021 14:33:22","244","中国","广东省","","","1","","1","1","","江西省九江市九江县","3","一年五十万就会考虑了","","","1","1","","","1","","","","1","","1","","","","1","1","","","1","1","","","1","","","","","","","","","1","","","","","","","","1","学习，看书，考证","","","1","","","","","","","","1","1","1","","","","1","","","","","5","有钱事少哪里都可以","没人啰嗦，但是又有奔头","8","赚钱，出国留学",
"71","10-Mar-2021 14:31:08","10-Mar-2021 14:32:43","95","中国","广东省","","","3","","2","1","","汕头","1","","","","","","","","","","1","","1","","1","1","","","","","","","","","","","","","","","","","","","1","","","","","","","","","","","","","","","","","","","1","","","","","","1","","1","","","","","1","","","9","",
"70","10-Mar-2021 14:29:17","10-Mar-2021 14:32:29","192","中国","浙江省","杭州市","","1","","2","5","杭州","xx市xx区","1","","1","","1","1","1","1","","","","","1","","","1","1","","","1","","","1","","1","","","","","","","","1","","1","","","","","","","","","","","","","1","","","","","","","","1","","1","","","","1","","1","","","1","","","5","",
"69","10-Mar-2021 14:29:28","10-Mar-2021 14:31:21","113","中国","广东省","广州市","","1","","1","4","","江苏","2","","","","","","","","","","1","无","2","","","","","","","","1","无","","1","","","","","","","","","1","","1","","","","","","","","","","","","","1","","","","","","","","1","","","","","","1","","","","","5","无","无","5","",
"68","10-Mar-2021 14:28:39","10-Mar-2021 14:31:14","155","中国","浙江省","杭州市","","1","","3","5","杭州","辽宁省铁岭市","1","","","1","","","1","","1","","","","1","1","","","","","","","","","","","","","","","","","","","1","","","","","","","","1","1","","","","","","1","","","","","","","","1","","","","","","1","","","","","2","","与朋友一起聚会","7","无",
"67","10-Mar-2021 14:27:07","10-Mar-2021 14:30:06","179","中国","河南省","鹤壁市","","3","","1","1","","xxx","1","","1","","1","1","1","","","","","","2","","","","","","","","","","","","","","","","","","1","","","1","1","","","1","","","","1","","","","","","1","","","","1","","","","","1","1","","","","","1","","","","5","","","7","",
"66","10-Mar-2021 14:25:09","10-Mar-2021 14:29:12","243","中国","陕西省","西安市","","1","","2","5","西安","陕西省咸阳市","1","","","","","","","1","","","","","1","","","","","","1","","","","1","1","","","","","","","","","1","1","1","","","1","","","1","1","1","","","1","","1","","","","1","1","","","1","1","1","1","","","","1","","","","5","咸阳","没有","5","毁灭吧",
"65","10-Mar-2021 14:26:24","10-Mar-2021 14:29:00","156","中国","上海市","上海市","","1","","1","2","","浙江省温州市","1","","","","","","","","1","","","","1","1","1","1","","1","1","","","","","","","","","","","1","","","1","","1","","","","1","","","","1","","","","","1","","","","","","","","","1","1","1","","","","","1","","","5","老家","","7","",
"64","10-Mar-2021 14:26:26","10-Mar-2021 14:28:45","139","中国","上海市","上海市","","1","","3","2","","江苏省淮安市","1","","1","","","1","1","","","","","","2","","","","","","","","","","1","1","1","","","1","","","","","1","1","","","","","","","","1","","","","1","","1","","","","","","","","1","1","1","","","","1","1","","","","5","","放假窝在床上","5","",
"63","10-Mar-2021 14:26:22","10-Mar-2021 14:28:15","113","中国","北京市","北京市","","1","","3","3","","北京市","1","","1","1","","","1","","","","","","2","","","","","","","","","","","1","","","","","","","","","","","1","","","1","1","","","","","","","","","","","1","","","1","","","1","","","","","","1","","","","","3","","是","8","是",
"62","10-Mar-2021 14:25:32","10-Mar-2021 14:27:54","142","中国","陕西省","安康市","","1","","1","5","西安","陕西省咸阳市","1","","","1","1","","","1","","","","","2","","","","","","","","","","1","1","","","","","","","","","1","1","","","","","","","","1","1","","","1","","1","","1","","","","","","1","","","","","","1","1","1","","","5","冰岛的城市","","6","",
"61","10-Mar-2021 14:22:53","10-Mar-2021 14:27:12","259","中国","北京市","北京市","","1","","2","4","","赣州市瑞金市","1","","","","1","","","","","1","","","2","","","","","","","","","","1","1","1","","","","1","","","","1","","1","","","","1","1","1","","","","","1","","1","","","","1","1","","","1","1","1","1","","","1","","1","","","4","","干饭，运动","7","家乡：好好发展，就不会有那么多在外漂泊的游子了现工作地：给年轻人一点盼头，地铁多建点",
"60","10-Mar-2021 14:25:21","10-Mar-2021 14:27:00","99","中国","香港","","","1","","2","5","","	0","1","","","1","","","","","1","","","","2","","","1","","1","","","","","","","1","","1","","","","","","","","1","","","","","","","1","","","","","1","","1","","","","","","","","1","","","","","","","1","","","5","","","1","",
"59","10-Mar-2021 14:23:45","10-Mar-2021 14:25:13","88","中国","江西省","上饶市","","3","h","4","5","洛杉矶","湖人","1","","","","","","1","","1","1","","","2","","","","","","","","","","","","","","","","","1","","","","","","1","","","","","","","","","","1","","","","","","","","","","1","1","1","1","","","1","1","","","","5","马刺","","6","",
"58","10-Mar-2021 14:21:56","10-Mar-2021 14:25:02","186","中国","北京市","","","1","","1","3","","河南","3","不太愿意","1","1","","1","1","","1","","","","2","","","","","","1","","","","1","1","","1","1","1","","","","","1","1","","","","","","","1","","1","","","1","","1","","1","","","1","","","1","1","","","","","1","","1","","","5","郑州 南京 天津","复读机一样的生活","7","无",
"57","10-Mar-2021 14:20:47","10-Mar-2021 14:24:08","201","中国","广东省","深圳市","","1","","2","1","","广州市增城区","1","","1","","","","1","","","","","","1","","","","","","","","","","","","","","","","","","","","1","1","","","","1","","","1","1","1","","","","","","","1","","1","1","","","1","1","1","1","","","1","","","","","4","","","8","",
"56","10-Mar-2021 14:20:32","10-Mar-2021 14:24:06","214","中国","广东省","广州市","","1","","2","4","","江西省抚州市","1","","1","1","1","1","1","1","1","1","","","2","","","","","","","","","","1","1","1","","","","","","","","1","1","1","","","","","","","","","","","","1","1","","","","","","","","1","1","","","","","1","1","1","","","4","","交通便利、办事大多不用考虑所谓的关系、人情","8","回不去的是故乡，到不了的是远方。",
"55","10-Mar-2021 14:19:33","10-Mar-2021 14:23:37","244","中国","广东省","梅州市","","2","","2","1","","陕西西安","1","","1","","","","","","","","","","2","","","","","","","","","","1","1","","1","1","","1","","","","1","1","","","","","","","1","1","","","","","1","1","","","","","","","","","1","1","","","","1","1","","","","1","","活着","8","好累啊",
"54","10-Mar-2021 14:20:58","10-Mar-2021 14:23:34","156","中国","上海市","上海市","","1","","1","2","","吉林省东丰县","1","","","","","","","","1","","","","2","","","","","","1","","","","1","1","1","1","","","1","","","","1","","1","","","","","","1","","","","","","","1","","","","","1","","","","","","","1","","1","1","","","","5","","","5","",
"53","10-Mar-2021 14:21:24","10-Mar-2021 14:22:54","90","中国","江苏省","扬州市","","1","","1","2","","宁夏","1","","1","1","","1","1","1","1","1","","","1","","","1","","","","","","","","","","","","","","","","","1","","1","","","","1","","1","1","1","","","","","1","","1","","1","","","","","1","","","","","1","","","","","2","","","5","",
"52","10-Mar-2021 14:15:48","10-Mar-2021 14:21:58","370","美国","","","","1","","2","5","沈阳","沈阳市和平区","2","","","","","","","","","","1","离家近","2","","","","","","","","","","","1","1","1","1","1","","","","","1","","","","","","","","1","","","1","刷题","","1","1","1","1","","","1","","","1","1","","","","","1","1","1","","","4","","和朋友约饭","3","快毁灭吧，好让我去别的城市",
"51","10-Mar-2021 14:13:58","10-Mar-2021 14:20:38","400","中国","广东省","深圳市","","2","","2","1","","xx省xx县","3","看情况","","","1","","","","","","","","1","","","1","1","","","1","","","","","","","","","","","","","1","1","1","","","1","","","1","1","","","","1","","","","1","","","","","","1","","","","","","","1","","","","1","","气候适宜，通勤时间短，多了很多个人时间，生活惬意。","7","深圳的医疗还是需要改进。",
"50","10-Mar-2021 14:15:36","10-Mar-2021 14:20:02","266","中国","北京市","北京市","","1","","2","3","","湖北省汉川市","2","","","","1","","","","1","","","","2","","","","","","","","","","1","1","1","","","","","","","","1","1","","","","","","","1","","","","","","1","1","","","","","","","","1","1","","","","","1","","","","","5","武汉","喜欢的人在这个城市","8","鱼与熊掌不可兼得，北京挣钱武汉买房",
"49","10-Mar-2021 14:16:55","10-Mar-2021 14:19:20","145","中国","广东省","深圳市","","1","","2","1","","青岛市市南区","2","","","1","1","1","1","","1","","","","1","1","1","","","","1","1","","","","1","","1","","","","","","","1","1","1","","","","","","1","1","","","","","","1","","","","","","","","1","1","","","","","1","1","","","","2","","谈恋爱","9","无",
"48","10-Mar-2021 14:17:41","10-Mar-2021 14:19:12","91","中国","四川省","成都市","","1","","2","5","成都","四川省宜宾市","1","","","1","","","1","1","","","","","2","","","","","","","","","","1","","1","","1","","","","","","1","1","1","","","","1","","1","","1","","","1","","1","1","1","1","","1","","","1","","","","","","1","1","1","","","2","","","6","",
"47","10-Mar-2021 14:17:07","10-Mar-2021 14:19:11","124","中国","浙江省","杭州市","","1","","2","5","杭州","山西省晋城市","2","","","1","","1","","","","","","","2","","","","","","1","","","","","1","","","","1","","","","","1","","1","","","","","","","1","","","","1","1","1","1","1","","","1","","","","1","","","","","1","","","","","5","长沙","旅游","3","无可奈何",
"46","10-Mar-2021 14:16:26","10-Mar-2021 14:19:05","159","中国","广东省","","","1","","2","4","","广西","3","","","","","","","","","1","1","","2","","","","","","","","","","1","1","","","","","","1","1","","1","1","1","1","","","","","","","1","1","","1","","1","","","","","","1","","1","","","1","1","","1","1","","","","5","","","7","",
"45","10-Mar-2021 14:15:21","10-Mar-2021 14:18:56","215","中国","河北省","衡水市","","1","","1","4","","咕咕鸡","2","","","","","","","","1","","","","2","","","1","","","","","","","","","","","1","","","","","","","1","","","","","","","","","","","","","","","","","1","","","","","","","1","","","","","1","","","","4","","www","1","它",
"44","10-Mar-2021 14:15:13","10-Mar-2021 14:18:25","192","中国","广东省","东莞市","","1","","2","5","东莞","茂名市沙院镇","2","","","","","","","","","","1","珠三角","2","","","","","","1","","","","1","","","","","1","1","","","","","","1","","","","","","","","","","","1","","1","1","1","","1","","","","","1","","","","","1","1","","","","5","佛山 惠州","","4","",
"43","10-Mar-2021 14:16:02","10-Mar-2021 14:18:17","135","中国","北京市","北京市","","1","","2","3","","湖南省衡阳市","2","","","","1","","","","1","","1","房价高","1","1","1","","1","1","1","1","","","","","","","","","","","","","1","1","","","","","1","","","1","","","","","","1","","","","","","","","","1","","","","","1","1","1","","","2","","","1","",
"42","10-Mar-2021 14:11:02","10-Mar-2021 14:17:21","379","中国","广东省","深圳市","","1","","2","1","","黑龙江省肇东县","2","","","","1","","1","","1","","","","1","","","1","","","","","","","","","","","","","","","","","","","","","","","","","1","","","","","","1","1","","","","","","","","1","","","","","","1","","","","","3","","工作上 可以实现很好的自我成长生活中 没有快乐的事情与这个城市强相关，快乐由人决定，而不是地点","7","父母所在是家乡，地理位置只是承载着回忆",
"41","10-Mar-2021 14:12:51","10-Mar-2021 14:16:31","220","中国","上海市","上海市","","1","","4","2","","南通市海门区","1","","1","","","1","1","1","1","1","","","1","","","","","","1","","","","","","","","","","","","","","","1","","","","1","","1","1","","","","","","","1","","","1","1","","","","","","1","","","","1","","","","","2","","","9","",
"40","10-Mar-2021 14:13:58","10-Mar-2021 14:15:41","103","中国","广东省","深圳市","","1","","3","1","","广东省深圳市","1","","1","","1","","","","1","","","","2","","","","","","","","","","1","1","1","1","1","1","1","","","","1","1","1","1","","1","","","","1","","","","","1","1","","1","","","","","","","","1","1","","","1","","","","","1","","","5","",
"39","10-Mar-2021 14:12:48","10-Mar-2021 14:15:03","135","中国","北京市","北京市","","1","","1","3","","bei","1","","","","","","","","1","","","","2","","","","","","","","","","","1","1","1","1","1","","1","","","1","1","1","1","1","1","1","1","1","1","1","","","1","","1","","1","","1","1","","","","1","","","","","1","1","1","","","3","","","6","",
"38","10-Mar-2021 14:12:21","10-Mar-2021 14:14:57","156","中国","河南省","","","1","","1","5","郑州","郑州市高新区","1","","","","","","","","","","1","离家近","2","","","","","","","","","","1","1","1","","","","","","","","1","1","1","","","","","","","","","","","1","","1","","","","1","","","","1","1","1","1","","","","1","","","","5","长沙","没有","4","",
"37","10-Mar-2021 14:12:23","10-Mar-2021 14:14:44","141","中国","广东省","深圳市","","2","","1","1","","湖南","2","","","","1","","","","","","","","2","","","","1","","1","1","","","","1","","","","","","","","","1","1","1","","","","","","1","1","","","","1","","1","","","","","1","","","1","","1","","","","1","1","","","","5","长沙","气候宜人","5","没啥感觉",
"36","10-Mar-2021 14:12:05","10-Mar-2021 14:14:09","124","中国","广东省","深圳市","","2","","2","1","","湖南南县","3","","","","1","1","1","","","","","","2","","","","","","","","","","1","1","1","","","1","1","","","","","","","","","","","","","1","","1","","","","1","","1","","","","","","","1","1","","","","","1","","","","5","","","7","",
"35","10-Mar-2021 14:11:50","10-Mar-2021 14:14:00","130","中国","四川省","成都市","","1","","3","5","成都","四川省宣汉县","1","","","","","","","","","","1","","1","1","","","","","","","","","","1","","","","","","","","","","","","","","","","","","","","1","","","","1","","","","","","","","1","","","","","","1","","","","","4","","","7","",
"34","10-Mar-2021 14:08:49","10-Mar-2021 14:13:59","310","中国","江苏省","苏州市","","1","","2","5","苏州","重庆","2","","","","","","","","","","1","","2","","","","","","","","","","1","1","","","","","","1","","","1","","","1","","","","","","1","1","","","","","1","","1","","","","","","1","1","1","1","","","1","","1","","","5","重庆","无","7","无",
"33","10-Mar-2021 14:11:49","10-Mar-2021 14:13:58","129","中国","浙江省","杭州市","","1","","1","2","","不想填","3","买不起房","","","","","","","1","","","","2","","","","","","","","","","1","1","","","","","1","","","","1","1","1","","","","","","","","","","","1","","1","","","","","","","","","1","","","","","1","1","1","","","2","","活着","8","无话可说",
"32","10-Mar-2021 14:11:35","10-Mar-2021 14:13:30","115","中国","河北省","石家庄市","","1","","4","5","","石家庄","1","","","","","","","1","","1","","","1","1","","","","","","","","","","","","","","1","","","","","1","","","","","","","","","","","","","1","1","1","","","","","","","","1","","","","","","","1","","","","5","","家人在一起","6","赶紧治理空气环境",
"31","10-Mar-2021 14:08:40","10-Mar-2021 14:13:19","279","中国","湖南省","长沙市","","3","药娘","1","5","长沙","长沙市天心区","2","","","","","","","","","","1","也就蹦迪还行","2","","","","","","","","","","1","1","1","1","1","1","","","1","没什么人用的项目，而且是没有意义的项目","1","1","1","","","1","","","1","1","1","1","手冲 冥想 神秘学 灵修 魔法 社交","1","1","1","1","1","1","1","1","","","","","","","1","不想回家，偶尔看看还行","1","1","1","","","1","","蹦迪","1","无聊，已经不想活了，想死",
"30","10-Mar-2021 14:10:01","10-Mar-2021 14:13:06","185","中国","广东省","广州市","","1","","1","4","","广州市海珠区","3","本地人","1","1","","","","1","","","","","2","","","","","","","","","","","","","","","","1","","","","1","","1","","","","","","1","","","","","","1","1","","","","","","","","1","","1","","","","1","1","","","","4","","吃吃喝喝","7","似乎并没有",
"29","10-Mar-2021 14:10:24","10-Mar-2021 14:12:42","138","中国","湖北省","武汉市","","1","","2","5","武汉","湖北省黄石市","1","","","1","1","","1","","","1","","","2","","","","1","","1","1","","","1","1","","","1","","","","1","技术栈落后","1","1","1","1","","1","1","","","1","1","","","","","1","","","1","1","1","","","","1","","","","","1","1","","","","5","武汉","房租便宜，工作压力小","7","希望能稳定发展",
"28","10-Mar-2021 14:10:57","10-Mar-2021 14:12:40","103","中国","湖北省","武汉市","","1","","2","5","武汉","湖北省武汉市","1","","","","","","","","","","1","","2","","","","","","","","","","","","","","","","","","","","1","","1","","","","","","","1","","","","","","","","","","","","1","","1","1","","","","","1","1","","","","5","","","5","",
"27","10-Mar-2021 14:08:24","10-Mar-2021 14:11:53","209","中国","广东省","广州市","","1","","2","4","","广州市天河区","1","","1","","","","","","","","1","","2","","","","","","","","","","1","1","1","","1","","","","","","","","1","","","","","","","","1","","","","","1","","1","","","","","","","1","","","","","1","","","","","2","","","8","",
"26","10-Mar-2021 14:07:12","10-Mar-2021 14:11:18","246","中国","广东省","深圳市","","1","","2","5","成都","成都郫县","3","不想待但是没更好的地方去","1","","","","","1","","","1","房价比一线低","2","1","1","1","1","1","1","1","","","1","1","1","1","1","1","1","1","1","加班多，自己时间少","1","","1","","","","","","","","","","","1","1","1","1","1","","","","1","老家新疆回不去的，工作没有对口的收入太低","","","","1","","","1","1","","","","2","","似乎没有什么开心的事，每天就看看垃圾视频傻乐。压力很大多次想自杀。","4","希望新疆能好好发展经济。希望成都不要总是在媒体上吹牛逼，踏实一点。",
"25","10-Mar-2021 14:09:18","10-Mar-2021 14:11:03","105","中国","江西省","上饶市","","2","","4","3","","北京市朝阳区不知道啊","1","","1","1","1","1","1","1","1","1","1","傻逼","1","1","1","1","1","1","1","1","","","1","1","1","1","1","1","1","1","","","1","1","1","1","1","1","1","1","1","1","1","","","1","1","1","1","1","1","1","1","","","1","1","1","1","","","1","1","1","","","3","","傻逼","10","傻逼",
"24","10-Mar-2021 14:06:29","10-Mar-2021 14:10:55","266","中国","安徽省","合肥市","","1","","2","5","合肥","安徽省临泉县","1","","1","","","1","","","","","","","1","","","","1","","1","","","","","","","","","","","","","","1","","","","","","","","","1","","1","看小说","","","1","","","","","1","","","1","","1","","","","1","1","","","","5","杭州","","6","",
"23","10-Mar-2021 14:07:39","10-Mar-2021 14:10:37","178","中国","上海市","上海市","","1","","2","2","","江苏省南通市","1","","1","","","1","","","1","","","","1","","","1","","","1","","","","","","","","","","","","","","","1","1","","","","","","","1","","","","","","1","","","","","","","","","","1","","","","","1","","","","5","澳门","","7","",
"22","10-Mar-2021 14:07:32","10-Mar-2021 14:10:29","177","中国","北京市","北京市","","1","","2","3","","福建","2","","1","1","","","1","","1","","","","2","","","","","","","","","","","1","1","","","1","","1","","","","","1","","","","","","","1","","","","1","","1","","","","","","","","1","1","1","","","","1","1","1","","","5","老家","一线城市的工作资源，人文气息，教育医疗资源，","6","",
"21","10-Mar-2021 14:08:01","10-Mar-2021 14:10:15","134","中国","浙江省","杭州市","","1","","2","5","杭州","湖南省郴州市","2","","","","","","","","1","","","","2","1","1","1","1","1","","","","","","1","","","","","1","","","","1","1","1","","","","","","","1","1","","","","","1","","","","","","","","1","1","","","","","1","","","","","5","长沙","","5","",
"20","10-Mar-2021 14:06:47","10-Mar-2021 14:10:03","196","中国","河南省","郑州市","","1","","1","5","郑州","河南省邓州市","1","","","","","","","","","","1","不用与人交流","2","1","","","","","","","","","","1","1","","1","1","","","","","","","1","","","","","","","1","","","","","","1","","1","","1","","","","","","","","1","没有","","","","1","当前需要与人交流了","5","四川","独居","5","落实劳动法，人权高于一切(高于狗权，高于猫权)",
"19","10-Mar-2021 14:07:02","10-Mar-2021 14:09:35","153","中国","安徽省","","","1","","2","3","","xx市xx区","2","","","","","","","","1","","","","2","","","","","","","","1","","1","1","1","1","1","1","1","1","","","1","","1","","","","","","","1","","","","1","","1","","1","","1","","","","","1","","","","","1","1","","","","5","纽约","","1","",
"18","10-Mar-2021 14:07:29","10-Mar-2021 14:09:32","123","中国","广东省","广州市","","1","","1","4","","xx市xx区","2","","","","1","1","","","","","","","2","","","","","","","","","","1","1","1","","1","","1","","","","1","1","1","1","","","","","","1","","","","","1","1","1","1","","","","","","","1","","","","","","1","","","","5","","","7","",
"17","10-Mar-2021 14:02:15","10-Mar-2021 14:09:09","414","新加坡","","","","1","","2","2","","河南省周口市","1","","1","","1","1","","","1","","","","1","","","","","","1","1","","","","","","","","","","","","","","1","1","","","","","","","1","","","","","1","1","","1","","","","","","1","1","","","","","1","","","","","5","苏州、无锡","1、发工资的时候、买自己喜欢的东西2、周末外出骑行","8","故乡容不下肉体，他乡容不下灵魂",
"16","10-Mar-2021 14:02:26","10-Mar-2021 14:09:01","395","澳大利亚","","","","1","","3","1","","湖北省武汉市","2","","","","","","1","","","","","","2","","","","","","","","","","","1","1","","1","","1","1","","","1","1","","","","","","","","","","","","","","","","1","","","","","","1","1","1","","","","","","","1","返乡","5","老家","看电影，可以暂时的忘掉生活中的琐事","6","在外打工最主要是缺少归属感，这个真的很重要。",
"15","10-Mar-2021 14:06:49","10-Mar-2021 14:08:47","118","中国","广东省","深圳市","","1","","2","1","","xx市xx区","2","","","","","","","","1","","","","2","","","","","","","","1","不快乐","1","","1","","1","","","","","","1","1","1","","","","","","","1","","","","","","1","","","","","","","","1","1","","","","","1","1","1","","","2","","","7","",
"14","10-Mar-2021 14:05:41","10-Mar-2021 14:08:35","174","中国","北京市","北京市","","1","","1","3","","邯郸市","2","","1","1","","","","","1","","","","1","","1","","1","1","","","","","1","","","","","","1","","","","1","","1","","","1","","","1","","","","","1","1","1","1","1","1","","1","","","1","","","","","","1","1","","","","5","南京","无特殊快乐事，唯有美食与女朋友的陪伴","7","无力改变家乡整体环境，只得背井离乡，最终也不打算回到家乡生活",
"13","10-Mar-2021 14:05:02","10-Mar-2021 14:08:24","202","中国","江苏省","南京市","","1","","2","5","南京","江苏省射阳县","1","","1","1","1","1","1","1","1","1","","","2","","","","","","","","","","1","1","1","","","1","","","","","1","1","1","","","1","1","1","1","1","1","","","1","1","1","","","","","","","","1","","","","","","1","1","","","","5","苏州","离家不算远，在这边扎根很久了，买房的首付凑齐了，未来可期","9","希望家乡到南京，能建设点到点的高铁，回家能更快一些",
"12","10-Mar-2021 14:03:32","10-Mar-2021 14:08:21","289","中国","北京市","北京市","","1","","4","3","","黑龙江省哈尔滨市","1","","1","1","","1","1","","1","","","","2","","","","","","","","","","1","1","1","","","","1","","","","","","","","","","","","","","","1","学习","","","1","","1","","","1","","","","","","","1","不想回去","1","1","","","","3","","","8","",
"11","10-Mar-2021 14:05:56","10-Mar-2021 14:07:45","109","中国","四川省","成都市","","1","","2","5","成都","四川省德阳市","1","","","","","","","","","","1","","1","","1","","","","1","1","","","","","","","","","","","","","1","","","","","","","","","1","","","","1","","1","","","","","","","","1","","1","","","","","","","1","","5","","","6","",
"10","10-Mar-2021 14:05:49","10-Mar-2021 14:07:40","111","中国","上海市","上海市","","1","","1","2","","江西省上饶市","1","","1","","","","","","1","","","","2","","","","","","","","1","不快乐","1","","","","","","","","","","1","","","","","","","","","1","","1","学习","1","","1","","","","","","","","","1","","","","","1","","","","","5","福州","无","8","无",
"9","10-Mar-2021 14:04:51","10-Mar-2021 14:07:11","140","中国","山东省","青岛市","","1","","3","5","","山东单县","2","","","","","","","","","","1","","2","","","","","","","","1","","1","","1","","","","","1","","","","1","1","","","","","","","1","","","","","","1","","","","","","","","","1","1","","","","1","","","","","5","","海边游泳","6","",
"8","10-Mar-2021 14:04:57","10-Mar-2021 14:06:34","97","中国","上海市","上海市","","1","","2","2","","。。","3","","","","","","","","","","1","","2","","","","","","","","","","1","1","1","","","","","","1","","1","","","","","","","","","","","","","1","1","1","","","","","","1","","1","1","","","1","","1","","","1","","5","","","5","",
"7","10-Mar-2021 14:03:25","10-Mar-2021 14:06:04","159","中国","上海市","上海市","","1","","1","2","","哈尔滨市市区","2","","","1","","","1","","1","1","","","1","","","","1","","","","1","不打卡","1","","","","","","","","","","","","1","","","","","","","","1","1","看展","","","1","","","","","","","","","1","","","","","1","1","","","","5","浙江","有很多优秀的人和时髦的事物","7","",
"6","10-Mar-2021 14:02:52","10-Mar-2021 14:04:54","122","中国","上海市","上海市","","1","","2","2","","湖南省常德市","2","","","","","","","","","1","","","2","","","","","","","","","","1","1","1","","1","","1","1","","","","","1","","","","","","","1","","","","","","1","","","","","","","","1","1","","","","","","1","","","","2","","","6","",
"5","10-Mar-2021 14:02:14","10-Mar-2021 14:04:38","144","中国","甘肃省","兰州市","","1","","1","5","","	1","1","","","","","","","","","","1","","1","","","","1","","1","","","","1","","","","","","1","","","","1","","1","","","","1","","","","","","","1","","1","","","","","","","","1","","1","","","","1","1","","","","2","","","7","",
"4","10-Mar-2021 14:02:29","10-Mar-2021 14:04:14","105","中国","江苏省","苏州市","","1","","2","5","","火星","2","","","","","","","","1","1","","","2","","","","","","","","1","","1","1","1","1","1","","","1","","","1","1","1","","","1","","1","1","1","1","","","","","1","","","","","","","","1","1","1","1","","","1","1","1","","","2","","","3","",
"3","10-Mar-2021 14:01:34","10-Mar-2021 14:03:43","129","中国","上海市","上海市","","1","","4","2","","山东省即墨市","1","","","","1","","","","1","1","","","1","","","","","","1","1","","","1","1","","","","","","","","","1","1","","","","","","","","","","","","","1","1","","1","","1","","","","1","","","","","","1","","","","","4","","","6","",
"2","10-Mar-2021 13:00:57","10-Mar-2021 13:06:45","348","中国","广东省","深圳市","","2","","2","1","","哈尔滨","3","看机会","","","1","1","1","","1","","","","1","","","","1","","1","","","","1","","","","1","","","","","","","","1","","","","","1","1","1","1","","","","1","1","","1","","","1","","","1","","","1","","","1","","1","","","1","","生活圈子","8","",
"1","10-Mar-2021 11:12:33","10-Mar-2021 11:23:37","664","中国","广东省","深圳市","","2","","2","1","","城市","1","","","","1","","","1","","","","","1","","","","1","","","","1","行业前景好","","","","","","","","1","","","","","","","","","1","","1","1","","1","打球","","","1","","","","","","","","","","","","1","不用回家","1","1","","","","3","","环境， 大海，美食，还有情感归宿","8","家乡， 永远可以回去的港湾   工作的城市， 痛并快乐着，同事向往幸福的地方。",
